Datetime,Open,High,Low,Close,Adj Close,Volume
2023-08-15 09:45:00,1.2699999809265137,1.2699999809265137,1.25,1.26010000705719,1.26010000705719,13751
2023-08-15 10:15:00,1.2300000190734863,1.2300000190734863,1.2000000476837158,1.2300000190734863,1.2300000190734863,1684
2023-08-15 11:15:00,1.2000000476837158,1.2015999555587769,1.2000000476837158,1.2000000476837158,1.2000000476837158,1400
2023-08-15 11:30:00,1.190000057220459,1.2200000286102295,1.190000057220459,1.2200000286102295,1.2200000286102295,5985
2023-08-15 11:45:00,1.2400000095367432,1.2400000095367432,1.2400000095367432,1.2400000095367432,1.2400000095367432,300
2023-08-15 12:00:00,1.2300000190734863,1.2300000190734863,1.2300000190734863,1.2300000190734863,1.2300000190734863,197
2023-08-15 12:15:00,1.2300000190734863,1.2301000356674194,1.190000057220459,1.190000057220459,1.190000057220459,17170
2023-08-15 13:00:00,1.190000057220459,1.190000057220459,1.190000057220459,1.190000057220459,1.190000057220459,383
2023-08-15 13:45:00,1.2000000476837158,1.2000000476837158,1.190000057220459,1.1950000524520874,1.1950000524520874,360
2023-08-15 14:45:00,1.190000057220459,1.190000057220459,1.1699999570846558,1.1699999570846558,1.1699999570846558,674
2023-08-15 15:00:00,1.1799999475479126,1.1799999475479126,1.1799999475479126,1.1799999475479126,1.1799999475479126,100
2023-08-15 15:15:00,1.1699999570846558,1.1799999475479126,1.1699999570846558,1.1699999570846558,1.1699999570846558,2057
2023-08-15 15:45:00,1.1649999618530273,1.1699999570846558,1.1649999618530273,1.1699999570846558,1.1699999570846558,0
2023-08-16 09:30:00,1.149999976158142,1.1549999713897705,1.149999976158142,1.1549999713897705,1.1549999713897705,893
2023-08-16 10:00:00,1.1586999893188477,1.1586999893188477,1.1586999893188477,1.1586999893188477,1.1586999893188477,300
2023-08-16 11:15:00,1.149999976158142,1.149999976158142,1.1399999856948853,1.1399999856948853,1.1399999856948853,0
2023-08-16 12:15:00,1.1440000534057617,1.1440000534057617,1.1440000534057617,1.1440000534057617,1.1440000534057617,8405
2023-08-16 12:45:00,1.149999976158142,1.159999966621399,1.149999976158142,1.159999966621399,1.159999966621399,3185
2023-08-16 13:00:00,1.1593999862670898,1.1593999862670898,1.1593999862670898,1.1593999862670898,1.1593999862670898,305
2023-08-16 13:30:00,1.159999966621399,1.190000057220459,1.159999966621399,1.184999942779541,1.184999942779541,5662
2023-08-16 14:15:00,1.184999942779541,1.184999942779541,1.184999942779541,1.184999942779541,1.184999942779541,163
2023-08-16 15:00:00,1.1799999475479126,1.184999942779541,1.1799999475479126,1.1799999475479126,1.1799999475479126,13080
2023-08-16 15:15:00,1.1699999570846558,1.1699999570846558,1.1100000143051147,1.159999966621399,1.159999966621399,3244
2023-08-16 15:45:00,1.13100004196167,1.149999976158142,1.090000033378601,1.149999976158142,1.149999976158142,4516
2023-08-17 09:30:00,1.1200000047683716,1.149999976158142,1.1200000047683716,1.149999976158142,1.149999976158142,0
2023-08-17 10:15:00,1.1299999952316284,1.149999976158142,1.1299999952316284,1.149999976158142,1.149999976158142,299
2023-08-17 10:30:00,1.1299999952316284,1.149999976158142,1.1200000047683716,1.149999976158142,1.149999976158142,872
2023-08-17 10:45:00,1.1299999952316284,1.1299999952316284,1.0491000413894653,1.100000023841858,1.100000023841858,28395
2023-08-17 11:00:00,1.090000033378601,1.149999976158142,1.090000033378601,1.149999976158142,1.149999976158142,1111
2023-08-17 13:00:00,1.1468000411987305,1.1468000411987305,1.1468000411987305,1.1468000411987305,1.1468000411987305,300
2023-08-17 14:15:00,1.13510000705719,1.13510000705719,1.13510000705719,1.13510000705719,1.13510000705719,1250
2023-08-17 15:45:00,1.1399999856948853,1.149999976158142,1.1100000143051147,1.149999976158142,1.149999976158142,2984
2023-08-18 09:30:00,1.1399999856948853,1.1399999856948853,1.1299999952316284,1.1299999952316284,1.1299999952316284,0
2023-08-18 09:45:00,1.149999976158142,1.149999976158142,1.149999976158142,1.149999976158142,1.149999976158142,300
2023-08-18 10:15:00,1.159999966621399,1.190000057220459,1.159999966621399,1.190000057220459,1.190000057220459,876
2023-08-18 10:30:00,1.2000000476837158,1.2000000476837158,1.2000000476837158,1.2000000476837158,1.2000000476837158,0
2023-08-18 12:00:00,1.1727999448776245,1.1727999448776245,1.1727999448776245,1.1727999448776245,1.1727999448776245,2724
2023-08-18 13:00:00,1.1799999475479126,1.1801999807357788,1.1799999475479126,1.1799999475479126,1.1799999475479126,13197
2023-08-18 13:15:00,1.1699999570846558,1.1699999570846558,1.1699999570846558,1.1699999570846558,1.1699999570846558,850
2023-08-18 14:15:00,1.1699999570846558,1.1749999523162842,1.1699999570846558,1.1749999523162842,1.1749999523162842,270
2023-08-18 15:00:00,1.1699999570846558,1.1799999475479126,1.149999976158142,1.149999976158142,1.149999976158142,13840
2023-08-18 15:15:00,1.149999976158142,1.159999966621399,1.149999976158142,1.159999966621399,1.159999966621399,1061
2023-08-18 15:30:00,1.149999976158142,1.159999966621399,1.149999976158142,1.1592999696731567,1.1592999696731567,2200
2023-08-18 15:45:00,1.149999976158142,1.149999976158142,1.090000033378601,1.090000033378601,1.090000033378601,6477
2023-08-21 09:30:00,1.0299999713897705,1.100000023841858,1.0299999713897705,1.100000023841858,1.100000023841858,0
2023-08-21 10:00:00,1.0800000429153442,1.0800000429153442,1.0399999618530273,1.0399999618530273,1.0399999618530273,7599
2023-08-21 10:15:00,1.013200044631958,1.0499999523162842,1.013200044631958,1.0499999523162842,1.0499999523162842,1101
2023-08-21 10:30:00,1.0362999439239502,1.0399999618530273,0.9710999727249146,1.0399999618530273,1.0399999618530273,17148
2023-08-21 13:30:00,1.0299999713897705,1.0299999713897705,1.0299999713897705,1.0299999713897705,1.0299999713897705,100
2023-08-21 15:15:00,1.0299999713897705,1.0299999713897705,1.0299999713897705,1.0299999713897705,1.0299999713897705,180
2023-08-21 15:30:00,1.0199999809265137,1.0199999809265137,0.9925000071525574,1.0199999809265137,1.0199999809265137,16887
2023-08-21 15:45:00,1.0,1.0299999713897705,1.0,1.0299999713897705,1.0299999713897705,7346
2023-08-22 09:30:00,0.9850000143051147,1.0399999618530273,0.9850000143051147,1.0399999618530273,1.0399999618530273,0
2023-08-22 10:15:00,1.0263999700546265,1.0299999713897705,1.0263999700546265,1.0299999713897705,1.0299999713897705,247
2023-08-22 10:30:00,1.0,1.0,0.9800000190734863,0.9850000143051147,0.9850000143051147,6450
2023-08-22 10:45:00,0.9850000143051147,0.989799976348877,0.9616000056266785,0.989799976348877,0.989799976348877,1414
2023-08-22 11:00:00,0.9998000264167786,0.9998000264167786,0.9998000264167786,0.9998000264167786,0.9998000264167786,151
2023-08-22 12:30:00,0.9958999752998352,0.9998000264167786,0.9958999752998352,0.9997000098228455,0.9997000098228455,10228
2023-08-22 13:15:00,0.9898999929428101,0.9898999929428101,0.9898999929428101,0.9898999929428101,0.9898999929428101,100
2023-08-22 14:15:00,0.9998000264167786,0.9998000264167786,0.9998000264167786,0.9998000264167786,0.9998000264167786,103
2023-08-22 14:30:00,0.9912999868392944,1.0299999713897705,0.9912999868392944,1.0299999713897705,1.0299999713897705,401
2023-08-22 15:00:00,1.0110000371932983,1.0110000371932983,1.0099999904632568,1.0099999904632568,1.0099999904632568,7689
2023-08-22 15:30:00,1.0,1.0,0.9900000095367432,1.0,1.0,21505
2023-08-22 15:45:00,0.9900000095367432,1.0099999904632568,0.9599999785423279,1.0099999904632568,1.0099999904632568,7946
2023-08-23 09:30:00,0.9473000168800354,1.0099999904632568,0.9473000168800354,1.0099999904632568,1.0099999904632568,0
2023-08-23 10:00:00,1.0299999713897705,1.0299999713897705,1.0299999713897705,1.0299999713897705,1.0299999713897705,711
2023-08-23 10:30:00,1.0199999809265137,1.0499999523162842,1.0,1.0099999904632568,1.0099999904632568,15000
2023-08-23 10:45:00,0.9900000095367432,1.0099999904632568,0.9900000095367432,1.0099999904632568,1.0099999904632568,200
2023-08-23 11:45:00,0.9800000190734863,0.9800000190734863,0.9800000190734863,0.9800000190734863,0.9800000190734863,16620
2023-08-23 13:00:00,1.0049999952316284,1.0049999952316284,1.0049999952316284,1.0049999952316284,1.0049999952316284,105
2023-08-23 14:15:00,1.0099999904632568,1.0099999904632568,1.0099999904632568,1.0099999904632568,1.0099999904632568,100
2023-08-23 14:30:00,1.0099999904632568,1.0099999904632568,0.9835000038146973,1.0,1.0,400
2023-08-23 15:00:00,0.9800000190734863,1.0099999904632568,0.9800000190734863,1.0099999904632568,1.0099999904632568,201
2023-08-23 15:15:00,1.0,1.0,1.0,1.0,1.0,6700
2023-08-23 15:30:00,0.9900000095367432,1.0199999809265137,0.9900000095367432,1.0,1.0,5800
2023-08-23 15:45:00,0.9901000261306763,0.9909999966621399,0.9399999976158142,0.9580000042915344,0.9580000042915344,2844
2023-08-24 09:30:00,0.9300000071525574,0.9700000286102295,0.9300000071525574,0.949999988079071,0.949999988079071,785
2023-08-24 09:45:00,0.949999988079071,0.949999988079071,0.949999988079071,0.949999988079071,0.949999988079071,476
2023-08-24 10:00:00,0.9399999976158142,0.9399999976158142,0.9399999976158142,0.9399999976158142,0.9399999976158142,100
2023-08-24 10:15:00,0.9485999941825867,0.9498999714851379,0.9462000131607056,0.9498999714851379,0.9498999714851379,1000
2023-08-24 10:45:00,0.9498999714851379,0.9498999714851379,0.9110999703407288,0.9301000237464905,0.9301000237464905,12378
2023-08-24 11:00:00,0.9459999799728394,0.9459999799728394,0.9200000166893005,0.9300000071525574,0.9300000071525574,2504
2023-08-24 12:00:00,0.9200000166893005,0.9200000166893005,0.9200000166893005,0.9200000166893005,0.9200000166893005,101
2023-08-24 12:45:00,0.9193000197410583,0.9193000197410583,0.9189000129699707,0.9189000129699707,0.9189000129699707,250
2023-08-24 13:00:00,0.9110999703407288,0.9114999771118164,0.8906999826431274,0.9114999771118164,0.9114999771118164,5244
2023-08-24 13:30:00,0.9007499814033508,0.9200000166893005,0.9007499814033508,0.9042999744415283,0.9042999744415283,10985
2023-08-24 14:00:00,0.9200000166893005,0.9200000166893005,0.8658999800682068,0.9035000205039978,0.9035000205039978,14602
2023-08-24 14:15:00,0.9079999923706055,0.9079999923706055,0.9079999923706055,0.9079999923706055,0.9079999923706055,100
2023-08-24 14:30:00,0.902999997138977,0.9160000085830688,0.902999997138977,0.902999997138977,0.902999997138977,1001
2023-08-24 15:45:00,0.8964999914169312,0.8964999914169312,0.8964999914169312,0.8964999914169312,0.8964999914169312,0
2023-08-25 09:30:00,0.9300000071525574,0.9300000071525574,0.9300000071525574,0.9300000071525574,0.9300000071525574,635
2023-08-25 10:15:00,0.8992999792098999,0.8992999792098999,0.8985999822616577,0.8985999822616577,0.8985999822616577,250
2023-08-25 10:30:00,0.8809999823570251,0.8809999823570251,0.8809999823570251,0.8809999823570251,0.8809999823570251,250
2023-08-25 11:00:00,0.8889989852905273,0.8889989852905273,0.8889989852905273,0.8889989852905273,0.8889989852905273,510
2023-08-25 11:15:00,0.8799999952316284,0.8799999952316284,0.8373000025749207,0.8373000025749207,0.8373000025749207,5438
2023-08-25 11:45:00,0.8930000066757202,0.8930000066757202,0.8930000066757202,0.8930000066757202,0.8930000066757202,1810
2023-08-25 12:30:00,0.8939999938011169,0.8939999938011169,0.8939999938011169,0.8939999938011169,0.8939999938011169,1570
2023-08-25 15:00:00,0.8859999775886536,0.8859999775886536,0.845300018787384,0.8564000129699707,0.8564000129699707,20684
2023-08-25 15:15:00,0.8554999828338623,0.8700000047683716,0.8554999828338623,0.8700000047683716,0.8700000047683716,5377
2023-08-25 15:45:00,0.875,0.875,0.8700000047683716,0.8700000047683716,0.8700000047683716,1714
2023-08-28 09:30:00,0.8447999954223633,0.9147999882698059,0.8447999954223633,0.9147999882698059,0.9147999882698059,1834
2023-08-28 10:00:00,0.8700000047683716,0.8722410202026367,0.859000027179718,0.859000027179718,0.859000027179718,2871
2023-08-28 10:15:00,0.8799999952316284,0.8799999952316284,0.8799999952316284,0.8799999952316284,0.8799999952316284,174
2023-08-28 12:15:00,0.8600000143051147,0.8610000014305115,0.8600000143051147,0.8610000014305115,0.8610000014305115,1300
2023-08-28 12:45:00,0.9129999876022339,0.9129999876022339,0.9129999876022339,0.9129999876022339,0.9129999876022339,125
2023-08-28 13:15:00,0.8801010251045227,0.8808259963989258,0.8799999952316284,0.8799999952316284,0.8799999952316284,0
2023-08-28 14:00:00,0.8700000047683716,0.902999997138977,0.8356000185012817,0.8637999892234802,0.8637999892234802,36788
2023-08-28 14:15:00,0.8787999749183655,0.8787999749183655,0.8787999749183655,0.8787999749183655,0.8787999749183655,100
2023-08-28 14:30:00,0.8500000238418579,0.8849999904632568,0.8500000238418579,0.8849999904632568,0.8849999904632568,200
2023-08-28 14:45:00,0.8787999749183655,0.8787999749183655,0.8787999749183655,0.8787999749183655,0.8787999749183655,350
2023-08-28 15:00:00,0.8859999775886536,0.8859999775886536,0.8859999775886536,0.8859999775886536,0.8859999775886536,104
2023-08-28 15:45:00,0.8799999952316284,0.8799999952316284,0.8799999952316284,0.8799999952316284,0.8799999952316284,238
2023-08-29 09:30:00,0.8500999808311462,0.9039999842643738,0.8500999808311462,0.8790000081062317,0.8790000081062317,615
2023-08-29 09:45:00,0.8844990134239197,0.8844990134239197,0.8844990134239197,0.8844990134239197,0.8844990134239197,388
2023-08-29 10:45:00,0.9189000129699707,0.9189000129699707,0.9189000129699707,0.9189000129699707,0.9189000129699707,2616
2023-08-29 11:00:00,0.9168990254402161,0.9168990254402161,0.8999999761581421,0.8999999761581421,0.8999999761581421,507
2023-08-29 11:15:00,0.9139999747276306,0.9150000214576721,0.9139999747276306,0.9150000214576721,0.9150000214576721,209
2023-08-29 11:30:00,0.914900004863739,0.914900004863739,0.914900004863739,0.914900004863739,0.914900004863739,303
2023-08-29 12:00:00,0.9132000207901001,0.9399999976158142,0.9132000207901001,0.9300000071525574,0.9300000071525574,4791
2023-08-29 12:15:00,0.9002000093460083,0.9150000214576721,0.9000999927520752,0.9002000093460083,0.9002000093460083,4631
2023-08-29 12:30:00,0.9151999950408936,0.9298999905586243,0.9151999950408936,0.9298999905586243,0.9298999905586243,350
2023-08-29 12:45:00,0.9298999905586243,0.9298999905586243,0.9298999905586243,0.9298999905586243,0.9298999905586243,877
2023-08-29 13:15:00,0.9297999739646912,0.9297999739646912,0.9297999739646912,0.9297999739646912,0.9297999739646912,100
2023-08-29 13:45:00,0.9300000071525574,0.9300000071525574,0.9300000071525574,0.9300000071525574,0.9300000071525574,0
2023-08-29 14:00:00,0.9200000166893005,0.9300000071525574,0.9200000166893005,0.9300000071525574,0.9300000071525574,19159
2023-08-29 14:45:00,0.9399999976158142,0.9399999976158142,0.9399999976158142,0.9399999976158142,0.9399999976158142,686
2023-08-29 15:15:00,0.9399999976158142,0.9402999877929688,0.9399999976158142,0.9399999976158142,0.9399999976158142,21894
2023-08-29 15:30:00,0.9400500059127808,0.9401000142097473,0.9400500059127808,0.9401000142097473,0.9401000142097473,700
2023-08-29 15:45:00,0.9401000142097473,1.0199999809265137,0.9401000142097473,1.0199999809265137,1.0199999809265137,2938
2023-08-30 09:30:00,1.0800000429153442,1.1799999475479126,1.0800000429153442,1.1680999994277954,1.1680999994277954,19879
2023-08-30 09:45:00,1.159999966621399,1.2000000476837158,1.159999966621399,1.2000000476837158,1.2000000476837158,10477
2023-08-30 10:00:00,1.1991000175476074,1.2300000190734863,1.1200000047683716,1.1299999952316284,1.1299999952316284,29258
2023-08-30 10:15:00,1.159999966621399,1.1699999570846558,1.149999976158142,1.1699999570846558,1.1699999570846558,1858
2023-08-30 10:45:00,1.149999976158142,1.149999976158142,1.149999976158142,1.149999976158142,1.149999976158142,2484
2023-08-30 11:00:00,1.1399999856948853,1.1480000019073486,1.1399999856948853,1.1480000019073486,1.1480000019073486,3149
2023-08-30 11:15:00,1.1299999952316284,1.1299999952316284,1.0715999603271484,1.090000033378601,1.090000033378601,4932
2023-08-30 11:30:00,1.090000033378601,1.100000023841858,1.090000033378601,1.100000023841858,1.100000023841858,1129
2023-08-30 11:45:00,1.0999000072479248,1.100000023841858,1.090000033378601,1.100000023841858,1.100000023841858,618
2023-08-30 12:00:00,1.090000033378601,1.1009999513626099,1.0504000186920166,1.0700000524520874,1.0700000524520874,33180
2023-08-30 12:15:00,1.0499999523162842,1.0700000524520874,0.9470000267028809,1.0092999935150146,1.0092999935150146,14989
2023-08-30 12:30:00,1.0199999809265137,1.059999942779541,1.0099999904632568,1.0389000177383423,1.0389000177383423,7200
2023-08-30 13:15:00,1.0299999713897705,1.0299999713897705,1.0,1.0,1.0,7732
2023-08-30 13:30:00,1.0099999904632568,1.0499999523162842,1.0000499486923218,1.0399999618530273,1.0399999618530273,5571
2023-08-30 13:45:00,1.0399999618530273,1.0399999618530273,1.0399999618530273,1.0399999618530273,1.0399999618530273,121
2023-08-30 14:15:00,1.0499000549316406,1.0499000549316406,1.0499000549316406,1.0499000549316406,1.0499000549316406,100
2023-08-30 14:30:00,1.0399999618530273,1.0399999618530273,1.0399999618530273,1.0399999618530273,1.0399999618530273,335
2023-08-30 15:30:00,1.0399999618530273,1.0399999618530273,0.9700000286102295,1.0199999809265137,1.0199999809265137,23123
2023-08-30 15:45:00,1.0299999713897705,1.0299999713897705,1.0099999904632568,1.0199999809265137,1.0199999809265137,100
2023-08-31 09:30:00,1.059999942779541,1.1100000143051147,1.0199999809265137,1.1100000143051147,1.1100000143051147,2134
2023-08-31 09:45:00,1.0099999904632568,1.090000033378601,1.0099999904632568,1.0399999618530273,1.0399999618530273,3001
2023-08-31 11:00:00,1.0,1.0399999618530273,1.0,1.0399999618530273,1.0399999618530273,200
2023-08-31 11:30:00,1.003499984741211,1.0099999904632568,1.003499984741211,1.0099999904632568,1.0099999904632568,1247
2023-08-31 11:45:00,1.0,1.0,1.0,1.0,1.0,340
2023-08-31 12:00:00,0.9900000095367432,0.9900000095367432,0.9900000095367432,0.9900000095367432,0.9900000095367432,201
2023-08-31 12:30:00,0.9860000014305115,0.9900000095367432,0.9848999977111816,0.9860000014305115,0.9860000014305115,4150
2023-08-31 12:45:00,0.9340000152587891,0.9340000152587891,0.9340000152587891,0.9340000152587891,0.9340000152587891,339
2023-08-31 13:00:00,0.9610000252723694,0.9860000014305115,0.9610000252723694,0.9860000014305115,0.9860000014305115,652
2023-08-31 14:00:00,1.0199999809265137,1.0199999809265137,1.0199999809265137,1.0199999809265137,1.0199999809265137,3500
2023-08-31 14:15:00,0.9800000190734863,0.9900000095367432,0.9599000215530396,0.9900000095367432,0.9900000095367432,10028
2023-08-31 14:30:00,0.9800000190734863,1.0099999904632568,0.9799000024795532,1.0099999904632568,1.0099999904632568,4169
2023-08-31 15:00:00,1.0299999713897705,1.0299999713897705,1.0299999713897705,1.0299999713897705,1.0299999713897705,100
2023-08-31 15:45:00,1.0099999904632568,1.0299999713897705,0.9800000190734863,1.0299999713897705,1.0299999713897705,4231
2023-09-01 09:30:00,1.0800000429153442,1.0800000429153442,1.013700008392334,1.034999966621399,1.034999966621399,3449
2023-09-01 09:45:00,1.03410005569458,1.059999942779541,1.03410005569458,1.059999942779541,1.059999942779541,1948
2023-09-01 11:00:00,1.0299999713897705,1.0299999713897705,1.0199999809265137,1.0199999809265137,1.0199999809265137,311
2023-09-01 12:00:00,1.0199999809265137,1.0199999809265137,1.0199999809265137,1.0199999809265137,1.0199999809265137,1224
2023-09-01 12:15:00,1.0099999904632568,1.0099999904632568,1.0099999904632568,1.0099999904632568,1.0099999904632568,100
2023-09-01 12:45:00,1.0099999904632568,1.0099999904632568,1.0099999904632568,1.0099999904632568,1.0099999904632568,100
2023-09-01 13:00:00,1.0099999904632568,1.0099999904632568,1.0099999904632568,1.0099999904632568,1.0099999904632568,101
2023-09-01 13:15:00,1.0099999904632568,1.0099999904632568,1.0099999904632568,1.0099999904632568,1.0099999904632568,100
2023-09-01 13:30:00,0.9900000095367432,0.9900000095367432,0.9300000071525574,0.9300000071525574,0.9300000071525574,38400
2023-09-01 14:15:00,0.9869999885559082,0.9869999885559082,0.9869999885559082,0.9869999885559082,0.9869999885559082,150
2023-09-01 14:30:00,1.0099999904632568,1.0099999904632568,1.0099999904632568,1.0099999904632568,1.0099999904632568,101
2023-09-01 14:45:00,1.0,1.0,1.0,1.0,1.0,1611
2023-09-01 15:00:00,0.9900000095367432,1.0499999523162842,0.9800000190734863,1.0499999523162842,1.0499999523162842,1930
2023-09-01 15:15:00,1.0099999904632568,1.0499999523162842,1.0,1.0499999523162842,1.0499999523162842,300
2023-09-01 15:30:00,1.0099999904632568,1.0399999618530273,1.0099999904632568,1.0199999809265137,1.0199999809265137,405
2023-09-01 15:45:00,1.0,1.0299999713897705,0.9700000286102295,1.0099999904632568,1.0099999904632568,5734
2023-09-05 09:30:00,1.0,1.0,0.9200000166893005,0.9998999834060669,0.9998999834060669,715
2023-09-05 09:45:00,0.9401000142097473,0.9401000142097473,0.9399999976158142,0.9399999976158142,0.9399999976158142,282
2023-09-05 10:45:00,0.9590029716491699,0.9590029716491699,0.921999990940094,0.921999990940094,0.921999990940094,1885
2023-09-05 12:00:00,0.9609500169754028,0.9609500169754028,0.9609500169754028,0.9609500169754028,0.9609500169754028,204
2023-09-05 14:30:00,0.9297000169754028,0.9995999932289124,0.9297000169754028,0.9995999932289124,0.9995999932289124,4657
2023-09-05 15:00:00,0.9399999976158142,0.9399999976158142,0.9399999976158142,0.9399999976158142,0.9399999976158142,100
2023-09-05 15:15:00,0.9399999976158142,0.9399999976158142,0.9399999976158142,0.9399999976158142,0.9399999976158142,100
2023-09-05 15:30:00,0.9300000071525574,0.9300000071525574,0.9300000071525574,0.9300000071525574,0.9300000071525574,300
2023-09-05 15:45:00,0.925000011920929,0.9398999810218811,0.9229999780654907,0.9229999780654907,0.9229999780654907,1723
2023-09-06 09:30:00,0.949999988079071,0.949999988079071,0.949999988079071,0.949999988079071,0.949999988079071,0
2023-09-06 09:45:00,0.949999988079071,0.949999988079071,0.949999988079071,0.949999988079071,0.949999988079071,1616
2023-09-06 11:00:00,0.9229999780654907,0.982699990272522,0.9229999780654907,0.982699990272522,0.982699990272522,209
2023-09-06 11:15:00,0.9929999709129333,0.9929999709129333,0.9929999709129333,0.9929999709129333,0.9929999709129333,3148
2023-09-06 12:00:00,0.9229999780654907,0.9229999780654907,0.9229999780654907,0.9229999780654907,0.9229999780654907,100
2023-09-06 12:45:00,0.9229999780654907,0.9229999780654907,0.9229999780654907,0.9229999780654907,0.9229999780654907,100
2023-09-06 13:30:00,0.9229999780654907,0.9399999976158142,0.9229999780654907,0.9399999976158142,0.9399999976158142,266
2023-09-06 14:15:00,0.9229999780654907,0.982699990272522,0.9229999780654907,0.982699990272522,0.982699990272522,200
2023-09-06 14:45:00,0.9229999780654907,0.9229999780654907,0.9229999780654907,0.9229999780654907,0.9229999780654907,100
2023-09-06 15:30:00,0.9690999984741211,0.9796000123023987,0.9222999811172485,0.9779999852180481,0.9779999852180481,42759
2023-09-06 15:45:00,0.949999988079071,0.9700000286102295,0.9222999811172485,0.9434000253677368,0.9434000253677368,325
2023-09-07 09:30:00,0.9200000166893005,0.9200000166893005,0.9200000166893005,0.9200000166893005,0.9200000166893005,387
2023-09-07 10:00:00,0.930400013923645,0.9398999810218811,0.930400013923645,0.9398999810218811,0.9398999810218811,5278
2023-09-07 11:30:00,0.8899999856948853,0.8899999856948853,0.8899999856948853,0.8899999856948853,0.8899999856948853,219
2023-09-07 12:45:00,0.9404000043869019,0.9404000043869019,0.9404000043869019,0.9404000043869019,0.9404000043869019,389
2023-09-07 13:30:00,0.8899999856948853,0.8899999856948853,0.8899999856948853,0.8899999856948853,0.8899999856948853,100
2023-09-07 13:45:00,0.9300000071525574,0.9399999976158142,0.9300000071525574,0.9399999976158142,0.9399999976158142,448
2023-09-07 14:30:00,0.8899999856948853,0.9404000043869019,0.8899999856948853,0.9404000043869019,0.9404000043869019,353
2023-09-07 15:15:00,0.9200000166893005,0.9200000166893005,0.9200000166893005,0.9200000166893005,0.9200000166893005,100
2023-09-07 15:30:00,0.9399999976158142,0.9399999976158142,0.8899999856948853,0.8899999856948853,0.8899999856948853,1521
2023-09-07 15:45:00,0.8899999856948853,0.9399999976158142,0.8899999856948853,0.9002000093460083,0.9002000093460083,1683
2023-09-08 09:30:00,0.9399999976158142,0.9399999976158142,0.9002000093460083,0.9002000093460083,0.9002000093460083,0
2023-09-08 11:00:00,0.9688000082969666,0.9688000082969666,0.9599999785423279,0.9599999785423279,0.9599999785423279,3548
2023-09-08 11:30:00,0.9688000082969666,0.9688000082969666,0.9688000082969666,0.9688000082969666,0.9688000082969666,230
2023-09-08 12:30:00,0.8920000195503235,0.8920000195503235,0.8920000195503235,0.8920000195503235,0.8920000195503235,145
2023-09-08 13:00:00,0.8920999765396118,0.8920999765396118,0.8920999765396118,0.8920999765396118,0.8920999765396118,371
2023-09-08 13:15:00,0.8920000195503235,0.8920000195503235,0.8920000195503235,0.8920000195503235,0.8920000195503235,100
2023-09-08 13:30:00,0.8920000195503235,0.8920000195503235,0.8920000195503235,0.8920000195503235,0.8920000195503235,110
2023-09-08 14:00:00,0.8920000195503235,0.8920000195503235,0.8920000195503235,0.8920000195503235,0.8920000195503235,100
2023-09-08 14:15:00,0.8920000195503235,0.8920000195503235,0.8920000195503235,0.8920000195503235,0.8920000195503235,100
2023-09-08 14:30:00,0.8949999809265137,0.8949999809265137,0.8949999809265137,0.8949999809265137,0.8949999809265137,2450
2023-09-08 15:30:00,0.9049999713897705,0.9049999713897705,0.9049999713897705,0.9049999713897705,0.9049999713897705,200
2023-09-08 15:45:00,0.8930000066757202,0.8930000066757202,0.8899999856948853,0.8899999856948853,0.8899999856948853,1134
2023-09-11 09:30:00,0.9449999928474426,0.9449999928474426,0.934499979019165,0.934499979019165,0.934499979019165,0
2023-09-11 11:30:00,0.921999990940094,0.921999990940094,0.921999990940094,0.921999990940094,0.921999990940094,345
2023-09-11 12:00:00,0.921999990940094,0.921999990940094,0.921999990940094,0.921999990940094,0.921999990940094,390
2023-09-11 13:45:00,0.921999990940094,0.921999990940094,0.921999990940094,0.921999990940094,0.921999990940094,189
2023-09-11 14:45:00,0.921999990940094,0.921999990940094,0.921999990940094,0.921999990940094,0.921999990940094,189
2023-09-11 15:30:00,0.921999990940094,0.921999990940094,0.921999990940094,0.921999990940094,0.921999990940094,100
2023-09-11 15:45:00,0.9300000071525574,0.9300000071525574,0.8899999856948853,0.8899999856948853,0.8899999856948853,0
2023-09-12 10:00:00,0.878000020980835,0.878000020980835,0.878000020980835,0.878000020980835,0.878000020980835,131
2023-09-12 10:15:00,0.8999999761581421,0.8999999761581421,0.8999999761581421,0.8999999761581421,0.8999999761581421,600
2023-09-12 10:30:00,0.8999999761581421,0.8999999761581421,0.8999999761581421,0.8999999761581421,0.8999999761581421,600
2023-09-12 10:45:00,0.8700000047683716,0.8899999856948853,0.8679999709129333,0.8899999856948853,0.8899999856948853,450
2023-09-12 11:00:00,0.8500000238418579,0.9240000247955322,0.8500000238418579,0.9240000247955322,0.9240000247955322,215
2023-09-12 11:45:00,0.8799999952316284,0.8799999952316284,0.8799999952316284,0.8799999952316284,0.8799999952316284,200
2023-09-12 12:30:00,0.8799999952316284,0.8799999952316284,0.8799999952316284,0.8799999952316284,0.8799999952316284,800
2023-09-12 12:45:00,0.8700000047683716,0.8700000047683716,0.8700000047683716,0.8700000047683716,0.8700000047683716,100
2023-09-12 13:45:00,0.8500000238418579,0.8500000238418579,0.8500000238418579,0.8500000238418579,0.8500000238418579,100
2023-09-12 14:00:00,0.8500000238418579,0.8500000238418579,0.8500000238418579,0.8500000238418579,0.8500000238418579,700
2023-09-12 14:15:00,0.8500000238418579,0.9079999923706055,0.8500000238418579,0.906000018119812,0.906000018119812,804
2023-09-12 14:30:00,0.8500000238418579,0.8799999952316284,0.8500000238418579,0.8600000143051147,0.8600000143051147,551
2023-09-12 14:45:00,0.8500000238418579,0.9089999794960022,0.8500000238418579,0.8600000143051147,0.8600000143051147,300
2023-09-12 15:00:00,0.8700000047683716,0.8700000047683716,0.8700000047683716,0.8700000047683716,0.8700000047683716,100
2023-09-12 15:15:00,0.8600000143051147,0.8600000143051147,0.8600000143051147,0.8600000143051147,0.8600000143051147,140
2023-09-12 15:30:00,0.8500000238418579,0.8600000143051147,0.8500000238418579,0.8600000143051147,0.8600000143051147,418
2023-09-12 15:45:00,0.8500000238418579,0.8500000238418579,0.8500000238418579,0.8500000238418579,0.8500000238418579,1950
2023-09-13 09:30:00,0.741828978061676,0.8335040211677551,0.741828978061676,0.8335040211677551,0.8335040211677551,411
2023-09-13 10:00:00,0.8579999804496765,0.8579999804496765,0.8579999804496765,0.8579999804496765,0.8579999804496765,135
2023-09-13 10:15:00,0.7985000014305115,0.8503000140190125,0.7985000014305115,0.8503000140190125,0.8503000140190125,252
2023-09-13 10:30:00,0.8600000143051147,0.8600000143051147,0.8600000143051147,0.8600000143051147,0.8600000143051147,132
2023-09-13 11:00:00,0.7921000123023987,0.8619999885559082,0.7921000123023987,0.8619999885559082,0.8619999885559082,262
2023-09-13 12:00:00,0.8339999914169312,0.8339999914169312,0.7921000123023987,0.7921000123023987,0.7921000123023987,312
2023-09-13 12:15:00,0.8441010117530823,0.8441010117530823,0.7921000123023987,0.7921000123023987,0.7921000123023987,1750
2023-09-13 13:00:00,0.8001000285148621,0.8001000285148621,0.7901999950408936,0.7950999736785889,0.7950999736785889,1763
2023-09-13 13:45:00,0.8379999995231628,0.9190000295639038,0.822700023651123,0.9190000295639038,0.9190000295639038,24605
2023-09-13 14:00:00,0.8899999856948853,0.9179999828338623,0.8899999856948853,0.9179999828338623,0.9179999828338623,3500
2023-09-13 14:30:00,0.8899999856948853,0.8899999856948853,0.8899999856948853,0.8899999856948853,0.8899999856948853,153
2023-09-13 15:15:00,0.866599977016449,0.866599977016449,0.866599977016449,0.866599977016449,0.866599977016449,908
2023-09-13 15:30:00,0.8666999936103821,0.9100000262260437,0.8666999936103821,0.9100000262260437,0.9100000262260437,3013
2023-09-13 15:45:00,0.8666999936103821,0.9100000262260437,0.8666999936103821,0.8873000144958496,0.8873000144958496,2454
2023-09-14 09:30:00,0.8600000143051147,0.8600000143051147,0.8600000143051147,0.8600000143051147,0.8600000143051147,0
2023-09-14 10:00:00,0.9300000071525574,0.9300000071525574,0.9300000071525574,0.9300000071525574,0.9300000071525574,100
2023-09-14 10:15:00,0.9110000133514404,0.9110000133514404,0.9110000133514404,0.9110000133514404,0.9110000133514404,199
2023-09-14 10:30:00,0.8999999761581421,0.8999999761581421,0.8999999761581421,0.8999999761581421,0.8999999761581421,792
2023-09-14 11:00:00,0.8640999794006348,0.8640999794006348,0.8640999794006348,0.8640999794006348,0.8640999794006348,101
2023-09-14 11:45:00,0.9300000071525574,0.9300000071525574,0.8801000118255615,0.8901000022888184,0.8901000022888184,303
2023-09-14 12:00:00,0.8799999952316284,0.8799999952316284,0.8799999952316284,0.8799999952316284,0.8799999952316284,100
2023-09-14 12:15:00,0.8801000118255615,0.8801000118255615,0.8801000118255615,0.8801000118255615,0.8801000118255615,100
2023-09-14 12:45:00,0.8799999952316284,0.8799999952316284,0.8799999952316284,0.8799999952316284,0.8799999952316284,100
2023-09-14 13:00:00,0.8601999878883362,0.8601999878883362,0.8601999878883362,0.8601999878883362,0.8601999878883362,1620
2023-09-14 13:15:00,0.8601999878883362,0.8603000044822693,0.8601999878883362,0.8603000044822693,0.8603000044822693,450
2023-09-14 14:00:00,0.8999999761581421,0.8999999761581421,0.800000011920929,0.8801000118255615,0.8801000118255615,35771
2023-09-14 14:15:00,0.8801000118255615,0.8801000118255615,0.8371999859809875,0.8513000011444092,0.8513000011444092,19310
2023-09-14 14:30:00,0.8513000011444092,0.8655999898910522,0.8234000205993652,0.8644000291824341,0.8644000291824341,3510
2023-09-14 14:45:00,0.8427000045776367,0.864300012588501,0.8299999833106995,0.8299999833106995,0.8299999833106995,1800
2023-09-14 15:00:00,0.8299999833106995,0.8633000254631042,0.8158000111579895,0.8633000254631042,0.8633000254631042,1301
2023-09-14 15:15:00,0.8199999928474426,0.8619999885559082,0.8003000020980835,0.8619999885559082,0.8619999885559082,2200
2023-09-14 15:30:00,0.8199999928474426,0.8600000143051147,0.8199999928474426,0.8600000143051147,0.8600000143051147,1000
2023-09-14 15:45:00,0.8454009890556335,0.8568999767303467,0.7900000214576721,0.8568999767303467,0.8568999767303467,10628
2023-09-15 09:45:00,0.8500009775161743,0.8500009775161743,0.8500009775161743,0.8500009775161743,0.8500009775161743,130
2023-09-15 10:00:00,0.9110000133514404,0.9110000133514404,0.9110000133514404,0.9110000133514404,0.9110000133514404,101
2023-09-15 10:15:00,0.875,0.9089999794960022,0.8700000047683716,0.9089999794960022,0.9089999794960022,9300
2023-09-15 10:30:00,0.8700000047683716,0.8700000047683716,0.8700000047683716,0.8700000047683716,0.8700000047683716,207
2023-09-15 11:00:00,0.8600000143051147,0.8600000143051147,0.8600000143051147,0.8600000143051147,0.8600000143051147,537
2023-09-15 11:45:00,0.8711000084877014,0.8711000084877014,0.8711000084877014,0.8711000084877014,0.8711000084877014,149
2023-09-15 12:30:00,0.8799999952316284,0.9108999967575073,0.8799999952316284,0.9005699753761292,0.9005699753761292,9000
2023-09-15 12:45:00,0.8999999761581421,0.8999999761581421,0.8999999761581421,0.8999999761581421,0.8999999761581421,7715
2023-09-15 13:15:00,0.9567989706993103,0.9567989706993103,0.9567989706993103,0.9567989706993103,0.9567989706993103,255
2023-09-15 13:30:00,0.9569000005722046,0.9569000005722046,0.9569000005722046,0.9569000005722046,0.9569000005722046,113
2023-09-15 14:45:00,0.9100000262260437,0.9200000166893005,0.9100000262260437,0.9200000166893005,0.9200000166893005,660
2023-09-15 15:00:00,0.9298999905586243,0.9569000005722046,0.9149500131607056,0.9569000005722046,0.9569000005722046,840
2023-09-15 15:15:00,0.9316999912261963,0.9700000286102295,0.9300000071525574,0.9700000286102295,0.9700000286102295,15770
2023-09-15 15:45:00,0.9300000071525574,0.9300000071525574,0.9300000071525574,0.9300000071525574,0.9300000071525574,422
2023-09-18 09:30:00,0.8812000155448914,0.9300000071525574,0.8812000155448914,0.8999999761581421,0.8999999761581421,2950
2023-09-18 09:45:00,0.949999988079071,0.949999988079071,0.949999988079071,0.949999988079071,0.949999988079071,100
2023-09-18 10:30:00,0.9004999995231628,0.9398999810218811,0.8899999856948853,0.9398999810218811,0.9398999810218811,1400
2023-09-18 11:30:00,0.8899999856948853,0.8899999856948853,0.8698999881744385,0.8799999952316284,0.8799999952316284,1713
2023-09-18 12:30:00,0.8999999761581421,0.8999999761581421,0.8999999761581421,0.8999999761581421,0.8999999761581421,6668
2023-09-18 14:15:00,0.9300000071525574,0.949999988079071,0.9100000262260437,0.9200000166893005,0.9200000166893005,4800
2023-09-18 14:30:00,0.949999988079071,0.9700000286102295,0.9300000071525574,0.949999988079071,0.949999988079071,16685
2023-09-18 14:45:00,0.9700000286102295,1.0,0.9599999785423279,1.0,1.0,12594
2023-09-18 15:00:00,0.9900000095367432,1.0099999904632568,0.9800000190734863,1.0049999952316284,1.0049999952316284,7744
2023-09-18 15:15:00,1.0099999904632568,1.0099999904632568,1.0099999904632568,1.0099999904632568,1.0099999904632568,220
2023-09-18 15:30:00,1.0,1.0049999952316284,1.0,1.0049999952316284,1.0049999952316284,481
2023-09-18 15:45:00,1.0099999904632568,1.0099999904632568,0.9495999813079834,0.9599999785423279,0.9599999785423279,14021
2023-09-19 09:30:00,0.9595000147819519,1.0399999618530273,0.9595000147819519,1.0399999618530273,1.0399999618530273,12000
2023-09-19 09:45:00,1.0396000146865845,1.0499999523162842,1.0099999904632568,1.0399999618530273,1.0399999618530273,4060
2023-09-19 10:00:00,1.0399999618530273,1.0700000524520874,1.0399999618530273,1.059999942779541,1.059999942779541,13662
2023-09-19 10:15:00,1.059999942779541,1.097499966621399,1.0499999523162842,1.059999942779541,1.059999942779541,34366
2023-09-19 10:30:00,1.0499999523162842,1.0733000040054321,1.0499999523162842,1.0733000040054321,1.0733000040054321,932
2023-09-19 10:45:00,1.0609999895095825,1.0609999895095825,1.0609999895095825,1.0609999895095825,1.0609999895095825,400
2023-09-19 11:00:00,1.0399999618530273,1.0399999618530273,1.0299999713897705,1.0399999618530273,1.0399999618530273,1968
2023-09-19 11:15:00,1.0399999618530273,1.0399999618530273,1.0399999618530273,1.0399999618530273,1.0399999618530273,108
2023-09-19 13:15:00,1.0399999618530273,1.0499999523162842,1.024999976158142,1.0399999618530273,1.0399999618530273,3002
2023-09-19 13:30:00,1.0199999809265137,1.0399999618530273,1.0199999809265137,1.0399999618530273,1.0399999618530273,1400
2023-09-19 13:45:00,1.0299999713897705,1.0399999618530273,1.021399974822998,1.0399999618530273,1.0399999618530273,2960
2023-09-19 14:00:00,1.0399999618530273,1.0910999774932861,1.0399999618530273,1.059999942779541,1.059999942779541,16762
2023-09-19 14:15:00,1.059999942779541,1.0800000429153442,1.059999942779541,1.059999942779541,1.059999942779541,10502
2023-09-19 15:30:00,1.0499999523162842,1.0499999523162842,1.0399999618530273,1.0499999523162842,1.0499999523162842,1000
2023-09-19 15:45:00,1.0499999523162842,1.0499999523162842,1.0199999809265137,1.0299999713897705,1.0299999713897705,3893
2023-09-20 10:00:00,1.0399999618530273,1.0399999618530273,1.0399999618530273,1.0399999618530273,1.0399999618530273,302
2023-09-20 10:15:00,1.0099999904632568,1.0299999713897705,0.9800000190734863,1.0299999713897705,1.0299999713897705,3610
2023-09-20 11:15:00,1.0,1.0,1.0,1.0,1.0,100
2023-09-20 11:30:00,1.0199999809265137,1.0399999618530273,1.0199999809265137,1.0399999618530273,1.0399999618530273,2070
2023-09-20 11:45:00,1.0399999618530273,1.0399999618530273,1.0399999618530273,1.0399999618530273,1.0399999618530273,926
2023-09-20 12:15:00,1.0299999713897705,1.0299999713897705,1.0299999713897705,1.0299999713897705,1.0299999713897705,352
2023-09-20 13:45:00,1.0399999618530273,1.090000033378601,1.0299999713897705,1.0399999618530273,1.0399999618530273,22600
2023-09-20 14:00:00,1.0499999523162842,1.0575000047683716,1.0399999618530273,1.0499999523162842,1.0499999523162842,2100
2023-09-20 14:15:00,1.0499999523162842,1.059999942779541,1.0499999523162842,1.059999942779541,1.059999942779541,200
2023-09-20 14:30:00,1.059999942779541,1.059999942779541,1.0,1.0099999904632568,1.0099999904632568,47408
2023-09-20 14:45:00,1.0199999809265137,1.0299999713897705,1.0099999904632568,1.0299999713897705,1.0299999713897705,11431
2023-09-20 15:15:00,1.0199999809265137,1.0299999713897705,1.0099999904632568,1.0099999904632568,1.0099999904632568,6000
2023-09-20 15:45:00,1.0099999904632568,1.0199999809265137,1.0,1.0199999809265137,1.0199999809265137,575
2023-09-21 09:45:00,1.0160000324249268,1.0160000324249268,1.0,1.0,1.0,811
2023-09-21 10:00:00,0.9998999834060669,0.9998999834060669,0.9300000071525574,0.9386000037193298,0.9386000037193298,4613
2023-09-21 10:15:00,0.9301000237464905,0.9399999976158142,0.9301000237464905,0.9399999976158142,0.9399999976158142,5440
2023-09-21 11:00:00,0.9301999807357788,1.0099999904632568,0.9301999807357788,1.0099999904632568,1.0099999904632568,600
2023-09-21 11:30:00,0.9900000095367432,0.9900000095367432,0.9900000095367432,0.9900000095367432,0.9900000095367432,300
2023-09-21 12:15:00,0.9599999785423279,0.9599999785423279,0.9288129806518555,0.9398999810218811,0.9398999810218811,2538
2023-09-21 12:30:00,0.9200000166893005,0.9200000166893005,0.9200000166893005,0.9200000166893005,0.9200000166893005,131
2023-09-21 12:45:00,0.9000999927520752,0.9000999927520752,0.8999999761581421,0.8999999761581421,0.8999999761581421,978
2023-09-21 14:00:00,0.9399999976158142,0.9399999976158142,0.9399999976158142,0.9399999976158142,0.9399999976158142,100
2023-09-21 14:15:00,0.9300000071525574,0.9399999976158142,0.9300000071525574,0.9399999976158142,0.9399999976158142,323
2023-09-21 14:45:00,0.9775999784469604,0.9775999784469604,0.9775999784469604,0.9775999784469604,0.9775999784469604,100
2023-09-21 15:00:00,0.9399999976158142,0.9775000214576721,0.9399999976158142,0.9775000214576721,0.9775000214576721,200
2023-09-21 15:15:00,0.9200999736785889,0.9700000286102295,0.9200999736785889,0.9700000286102295,0.9700000286102295,229
2023-09-21 15:45:00,0.9503999948501587,0.9700000286102295,0.9300000071525574,0.9300000071525574,0.9300000071525574,7103
2023-09-22 10:00:00,0.9764999747276306,0.9764999747276306,0.9501000046730042,0.9501000046730042,0.9501000046730042,355
2023-09-22 10:15:00,1.0,1.0,1.0,1.0,1.0,1050
2023-09-22 11:00:00,0.949999988079071,0.9800000190734863,0.9300000071525574,0.9300000071525574,0.9300000071525574,406
2023-09-22 11:30:00,0.9599999785423279,0.9599999785423279,0.9599999785423279,0.9599999785423279,0.9599999785423279,110
2023-09-22 12:15:00,0.9602000117301941,0.9602000117301941,0.949999988079071,0.949999988079071,0.949999988079071,13490
2023-09-22 12:30:00,0.9300000071525574,0.9300000071525574,0.9000999927520752,0.9000999927520752,0.9000999927520752,2289
2023-09-22 13:00:00,0.8999999761581421,0.8999999761581421,0.8999999761581421,0.8999999761581421,0.8999999761581421,100
2023-09-22 13:30:00,0.8999999761581421,0.8999999761581421,0.8999999761581421,0.8999999761581421,0.8999999761581421,200
2023-09-22 14:45:00,0.9336000084877014,0.9462000131607056,0.9010999798774719,0.9462000131607056,0.9462000131607056,7403
2023-09-22 15:00:00,0.9200000166893005,0.9200000166893005,0.9200000166893005,0.9200000166893005,0.9200000166893005,100
2023-09-22 15:15:00,0.9200000166893005,0.9200000166893005,0.9100000262260437,0.9100000262260437,0.9100000262260437,6600
2023-09-22 15:30:00,0.9100000262260437,0.9100000262260437,0.9100000262260437,0.9100000262260437,0.9100000262260437,200
2023-09-22 15:45:00,0.9010999798774719,0.9010999798774719,0.8999999761581421,0.8999999761581421,0.8999999761581421,570
2023-09-25 09:30:00,0.8999999761581421,0.9629999995231628,0.8999999761581421,0.9629999995231628,0.9629999995231628,803
2023-09-25 10:00:00,0.949999988079071,0.949999988079071,0.949999988079071,0.949999988079071,0.949999988079071,100
2023-09-25 10:15:00,0.958299994468689,0.958299994468689,0.949999988079071,0.949999988079071,0.949999988079071,7043
2023-09-25 11:30:00,0.9599999785423279,0.9599999785423279,0.9599999785423279,0.9599999785423279,0.9599999785423279,304
2023-09-25 12:00:00,0.9599999785423279,0.9599999785423279,0.949999988079071,0.949999988079071,0.949999988079071,669
2023-09-25 12:15:00,0.977400004863739,0.977400004863739,0.949999988079071,0.949999988079071,0.949999988079071,200
2023-09-25 12:30:00,0.9620000123977661,0.9620000123977661,0.949999988079071,0.949999988079071,0.949999988079071,6944
2023-09-25 13:45:00,0.9700000286102295,0.9700000286102295,0.9700000286102295,0.9700000286102295,0.9700000286102295,101
2023-09-25 15:15:00,0.9399999976158142,0.9399999976158142,0.9300000071525574,0.9300000071525574,0.9300000071525574,13735
2023-09-25 15:45:00,0.9300000071525574,0.949999988079071,0.9200000166893005,0.9373999834060669,0.9373999834060669,1442
2023-09-26 09:30:00,0.8999999761581421,0.8999999761581421,0.8999999761581421,0.8999999761581421,0.8999999761581421,0
2023-09-26 10:00:00,0.9301000237464905,0.9399999976158142,0.9301000237464905,0.9399999976158142,0.9399999976158142,900
2023-09-26 10:15:00,0.9399999976158142,0.9399999976158142,0.9399999976158142,0.9399999976158142,0.9399999976158142,13200
2023-09-26 10:30:00,0.9399999976158142,0.9399999976158142,0.9399999976158142,0.9399999976158142,0.9399999976158142,6605
2023-09-26 11:15:00,0.9300000071525574,0.9300000071525574,0.9300000071525574,0.9300000071525574,0.9300000071525574,300
2023-09-26 11:45:00,0.9200000166893005,0.9300000071525574,0.9100000262260437,0.9300000071525574,0.9300000071525574,3010
2023-09-26 12:45:00,0.9200000166893005,0.9200000166893005,0.9200000166893005,0.9200000166893005,0.9200000166893005,600
2023-09-26 13:00:00,0.9049999713897705,0.9100000262260437,0.8762000203132629,0.9100000262260437,0.9100000262260437,5905
2023-09-26 13:30:00,0.8999999761581421,0.8999999761581421,0.8931000232696533,0.8931000232696533,0.8931000232696533,646
2023-09-26 13:45:00,0.8962000012397766,0.902400016784668,0.8962000012397766,0.902400016784668,0.902400016784668,800
2023-09-26 14:15:00,0.9300000071525574,0.9300000071525574,0.9300000071525574,0.9300000071525574,0.9300000071525574,100
2023-09-26 15:00:00,0.9031000137329102,0.9031000137329102,0.8999999761581421,0.9004200100898743,0.9004200100898743,1468
2023-09-26 15:30:00,0.945900022983551,0.945900022983551,0.945900022983551,0.945900022983551,0.945900022983551,100
2023-09-26 15:45:00,0.8899999856948853,0.9399999976158142,0.8899999856948853,0.9146000146865845,0.9146000146865845,870
2023-09-27 09:45:00,0.9399999976158142,0.9399999976158142,0.9399999976158142,0.9399999976158142,0.9399999976158142,0
2023-09-27 10:15:00,0.9599999785423279,0.9599999785423279,0.9599999785423279,0.9599999785423279,0.9599999785423279,100
2023-09-27 10:30:00,0.949999988079071,0.9800000190734863,0.949999988079071,0.949999988079071,0.949999988079071,1600
2023-09-27 10:45:00,0.9399999976158142,0.9399999976158142,0.900600016117096,0.902400016784668,0.902400016784668,17690
2023-09-27 11:00:00,0.9398999810218811,0.9398999810218811,0.9398999810218811,0.9398999810218811,0.9398999810218811,100
2023-09-27 12:30:00,0.9211000204086304,0.9211000204086304,0.9211000204086304,0.9211000204086304,0.9211000204086304,100
2023-09-27 12:45:00,0.9210000038146973,0.9210000038146973,0.9210000038146973,0.9210000038146973,0.9210000038146973,100
2023-09-27 13:00:00,0.9210000038146973,0.9210000038146973,0.9210000038146973,0.9210000038146973,0.9210000038146973,101
2023-09-27 14:00:00,0.949999988079071,0.949999988079071,0.949999988079071,0.949999988079071,0.949999988079071,554
2023-09-27 14:15:00,0.949999988079071,0.949999988079071,0.9399999976158142,0.9399999976158142,0.9399999976158142,10926
2023-09-27 15:00:00,0.9599999785423279,0.9599999785423279,0.9599999785423279,0.9599999785423279,0.9599999785423279,100
2023-09-27 15:45:00,0.949999988079071,0.9868000149726868,0.9300000071525574,0.949999988079071,0.949999988079071,1813
2023-09-28 09:30:00,0.9200000166893005,0.9700000286102295,0.9200000166893005,0.9700000286102295,0.9700000286102295,100
2023-09-28 09:45:00,0.949999988079071,0.9599999785423279,0.949999988079071,0.9549999833106995,0.9549999833106995,600
2023-09-28 10:30:00,0.9599999785423279,0.9900000095367432,0.9327999949455261,0.9700000286102295,0.9700000286102295,11843
2023-09-28 12:00:00,0.949999988079071,0.949999988079071,0.949999988079071,0.949999988079071,0.949999988079071,100
2023-09-28 14:15:00,0.9900000095367432,0.9900000095367432,0.9900000095367432,0.9900000095367432,0.9900000095367432,100
2023-09-28 15:45:00,0.9599999785423279,0.9998999834060669,0.9599999785423279,0.9700000286102295,0.9700000286102295,1765
2023-09-29 09:30:00,0.9599999785423279,0.9599999785423279,0.9599999785423279,0.9599999785423279,0.9599999785423279,0
2023-09-29 09:45:00,1.0002000331878662,1.0013999938964844,0.9900000095367432,0.9900000095367432,0.9900000095367432,1132
2023-09-29 10:30:00,0.9800000190734863,0.9803000092506409,0.9350000023841858,0.9498999714851379,0.9498999714851379,18043
2023-09-29 10:45:00,0.9998000264167786,0.9998000264167786,0.9998000264167786,0.9998000264167786,0.9998000264167786,0
2023-09-29 11:00:00,0.9998000264167786,1.0,0.9998000264167786,1.0,1.0,25059
2023-09-29 15:15:00,0.9800000190734863,1.0,0.9800000190734863,1.0,1.0,1900
2023-09-29 15:30:00,1.0199999809265137,1.0199999809265137,0.9900000095367432,1.0,1.0,6592
2023-09-29 15:45:00,0.9800999760627747,1.0,0.9800000190734863,0.9923999905586243,0.9923999905586243,3459
2023-10-02 09:30:00,0.949999988079071,0.949999988079071,0.949999988079071,0.949999988079071,0.949999988079071,300
2023-10-02 11:15:00,0.9900000095367432,0.9900000095367432,0.9898999929428101,0.9898999929428101,0.9898999929428101,915
2023-10-02 11:30:00,0.9890000224113464,1.0,0.9850000143051147,0.9900000095367432,0.9900000095367432,22861
2023-10-02 11:45:00,1.0299999713897705,1.0299999713897705,0.9800000190734863,1.0299999713897705,1.0299999713897705,10110
2023-10-02 12:30:00,1.0199999809265137,1.0199999809265137,1.0199999809265137,1.0199999809265137,1.0199999809265137,401
2023-10-02 12:45:00,1.0199999809265137,1.0199999809265137,1.0170999765396118,1.0170999765396118,1.0170999765396118,548
2023-10-02 13:00:00,1.0,1.0,1.0,1.0,1.0,10160
2023-10-02 15:00:00,1.0199999809265137,1.0199999809265137,1.0199999809265137,1.0199999809265137,1.0199999809265137,100
2023-10-02 15:15:00,1.000100016593933,1.0299999713897705,0.9700999855995178,1.0299999713897705,1.0299999713897705,9001
2023-10-02 15:30:00,1.059999942779541,1.059999942779541,1.059999942779541,1.059999942779541,1.059999942779541,100
2023-10-02 15:45:00,1.024999976158142,1.024999976158142,1.0149999856948853,1.0175000429153442,1.0175000429153442,960
2023-10-03 09:30:00,0.9900000095367432,0.9900000095367432,0.9900000095367432,0.9900000095367432,0.9900000095367432,0
2023-10-03 09:45:00,1.0099999904632568,1.0099999904632568,1.0099999904632568,1.0099999904632568,1.0099999904632568,400
2023-10-03 10:30:00,1.0299999713897705,1.0299999713897705,1.0299999713897705,1.0299999713897705,1.0299999713897705,500
2023-10-03 11:45:00,1.0299999713897705,1.059999942779541,1.0299999713897705,1.0399999618530273,1.0399999618530273,8700
2023-10-03 12:00:00,1.0200999975204468,1.0200999975204468,1.0199999809265137,1.0199999809265137,1.0199999809265137,13405
2023-10-03 15:30:00,1.0099999904632568,1.0199999809265137,1.0099999904632568,1.0199999809265137,1.0199999809265137,7020
2023-10-03 15:45:00,1.0149999856948853,1.0299999713897705,1.0,1.0299999713897705,1.0299999713897705,4549
2023-10-04 09:30:00,1.0299999713897705,1.059999942779541,1.0289000272750854,1.059999942779541,1.059999942779541,4411
2023-10-04 09:45:00,1.090000033378601,1.1100000143051147,1.059999942779541,1.059999942779541,1.059999942779541,43980
2023-10-04 10:00:00,1.0799000263214111,1.0799000263214111,1.0799000263214111,1.0799000263214111,1.0799000263214111,1402
2023-10-04 10:15:00,1.0800000429153442,1.1100000143051147,1.0700000524520874,1.090000033378601,1.090000033378601,22955
2023-10-04 10:30:00,1.087399959564209,1.087399959564209,1.0499999523162842,1.0499999523162842,1.0499999523162842,4721
2023-10-04 10:45:00,1.0449999570846558,1.0499999523162842,1.0449999570846558,1.0499999523162842,1.0499999523162842,2000
2023-10-04 11:00:00,1.0399999618530273,1.0499999523162842,1.0299999713897705,1.0499999523162842,1.0499999523162842,6803
2023-10-04 11:15:00,1.0299999713897705,1.0299999713897705,1.0299999713897705,1.0299999713897705,1.0299999713897705,100
2023-10-04 12:00:00,1.0399999618530273,1.0399999618530273,1.0399999618530273,1.0399999618530273,1.0399999618530273,243
2023-10-04 14:15:00,1.0299999713897705,1.0499999523162842,1.0299999713897705,1.0299999713897705,1.0299999713897705,304
2023-10-04 14:30:00,1.0199999809265137,1.0199999809265137,1.0199999809265137,1.0199999809265137,1.0199999809265137,301
2023-10-04 15:00:00,1.0199999809265137,1.0499999523162842,1.0199999809265137,1.0499999523162842,1.0499999523162842,1327
2023-10-04 15:45:00,1.0399999618530273,1.0499999523162842,1.0199999809265137,1.0399999618530273,1.0399999618530273,260
2023-10-05 09:30:00,1.0199999809265137,1.059999942779541,1.0,1.0399999618530273,1.0399999618530273,1668
2023-10-05 09:45:00,1.0099999904632568,1.059999942779541,1.0,1.0099999904632568,1.0099999904632568,4600
2023-10-05 10:00:00,1.059999942779541,1.0800000429153442,1.0200999975204468,1.0800000429153442,1.0800000429153442,1501
2023-10-05 10:15:00,1.0399999618530273,1.0399999618530273,1.0399999618530273,1.0399999618530273,1.0399999618530273,200
2023-10-05 11:15:00,1.0199999809265137,1.0199999809265137,1.0199999809265137,1.0199999809265137,1.0199999809265137,700
2023-10-05 11:30:00,1.0099999904632568,1.0099999904632568,1.0049999952316284,1.0099999904632568,1.0099999904632568,1010
2023-10-05 11:45:00,1.0099999904632568,1.0099999904632568,1.0099999904632568,1.0099999904632568,1.0099999904632568,300
2023-10-05 12:15:00,1.0099999904632568,1.0099999904632568,1.0099999904632568,1.0099999904632568,1.0099999904632568,400
2023-10-05 12:30:00,1.0,1.0,1.0,1.0,1.0,100
2023-10-05 14:15:00,1.0099999904632568,1.0099999904632568,1.0,1.0,1.0,204
2023-10-05 14:30:00,1.0099999904632568,1.0099999904632568,1.0,1.0,1.0,1797
2023-10-05 15:00:00,1.0,1.0,1.0,1.0,1.0,100
2023-10-05 15:45:00,1.0,1.0181000232696533,0.9950000047683716,1.0099999904632568,1.0099999904632568,3494
2023-10-06 09:45:00,1.0199999809265137,1.0199999809265137,1.0,1.0,1.0,7700
2023-10-06 10:00:00,0.9901000261306763,1.0199999809265137,0.9901000261306763,1.0199999809265137,1.0199999809265137,1300
2023-10-06 10:45:00,1.0199999809265137,1.0217000246047974,1.0199999809265137,1.0217000246047974,1.0217000246047974,1000
2023-10-06 11:00:00,1.0499999523162842,1.0499999523162842,1.0499999523162842,1.0499999523162842,1.0499999523162842,204
2023-10-06 13:30:00,1.0399999618530273,1.0399999618530273,1.0299999713897705,1.0299999713897705,1.0299999713897705,201
2023-10-06 15:30:00,1.0,1.0199999809265137,0.9700000286102295,1.0,1.0,7117
2023-10-06 15:45:00,1.0,1.0,1.0,1.0,1.0,853
2023-10-09 10:00:00,1.0,1.0,1.0,1.0,1.0,0
2023-10-09 13:00:00,1.0,1.0,1.0,1.0,1.0,302
2023-10-09 13:15:00,0.9800000190734863,0.9800000190734863,0.9100000262260437,0.9599999785423279,0.9599999785423279,9373
2023-10-09 14:30:00,1.0,1.0,0.9950000047683716,0.9950000047683716,0.9950000047683716,300
2023-10-09 15:45:00,0.9599999785423279,1.0199999809265137,0.9599999785423279,0.9599999785423279,0.9599999785423279,8380
2023-10-10 10:15:00,1.0099999904632568,1.0099999904632568,1.0,1.0,1.0,200
2023-10-10 10:45:00,0.9900000095367432,1.0099999904632568,0.9900000095367432,1.0099999904632568,1.0099999904632568,200
2023-10-10 12:15:00,1.0199999809265137,1.0199999809265137,1.0199999809265137,1.0199999809265137,1.0199999809265137,219
2023-10-10 15:15:00,1.0,1.0099999904632568,0.9900000095367432,1.0099999904632568,1.0099999904632568,8359
2023-10-10 15:45:00,1.0,1.0199999809265137,0.9900000095367432,1.0199999809265137,1.0199999809265137,1047
2023-10-11 09:45:00,1.0226999521255493,1.0226999521255493,1.0199999809265137,1.0199999809265137,1.0199999809265137,0
2023-10-11 10:45:00,1.0298999547958374,1.0298999547958374,1.0298999547958374,1.0298999547958374,1.0298999547958374,151
2023-10-11 15:15:00,1.0099999904632568,1.0099999904632568,1.0099999904632568,1.0099999904632568,1.0099999904632568,3440
2023-10-11 15:30:00,1.0,1.0,0.9800000190734863,0.982699990272522,0.982699990272522,4300
2023-10-11 15:45:00,1.0,1.0099999904632568,0.9644500017166138,1.0099999904632568,1.0099999904632568,7099
2023-10-12 09:30:00,0.9599999785423279,0.9599999785423279,0.9599999785423279,0.9599999785423279,0.9599999785423279,876
2023-10-12 10:15:00,0.9700000286102295,1.0199999809265137,0.9700000286102295,1.0199999809265137,1.0199999809265137,200
2023-10-12 11:30:00,0.9950000047683716,0.9950000047683716,0.9950000047683716,0.9950000047683716,0.9950000047683716,100
2023-10-12 14:15:00,1.0399999618530273,1.0399999618530273,1.0149999856948853,1.0149999856948853,1.0149999856948853,607
2023-10-12 15:30:00,1.0299999713897705,1.0299999713897705,1.0299999713897705,1.0299999713897705,1.0299999713897705,100
2023-10-12 15:45:00,1.0049999952316284,1.0099999904632568,1.0049999952316284,1.0099999904632568,1.0099999904632568,329
2023-10-13 09:30:00,0.9900000095367432,0.9900000095367432,0.9900000095367432,0.9900000095367432,0.9900000095367432,150
2023-10-13 10:00:00,0.9300000071525574,0.9300000071525574,0.9300000071525574,0.9300000071525574,0.9300000071525574,350
2023-10-13 10:15:00,0.9900000095367432,0.9900000095367432,0.9900000095367432,0.9900000095367432,0.9900000095367432,249
2023-10-13 10:30:00,0.9501000046730042,1.0299999713897705,0.9501000046730042,1.0299999713897705,1.0299999713897705,212
2023-10-13 11:30:00,1.0,1.0,1.0,1.0,1.0,302
2023-10-13 14:15:00,0.9501000046730042,0.9501000046730042,0.9501000046730042,0.9501000046730042,0.9501000046730042,150
2023-10-13 14:30:00,0.9998999834060669,0.9998999834060669,0.9998999834060669,0.9998999834060669,0.9998999834060669,100
2023-10-13 15:30:00,0.9900000095367432,0.9900000095367432,0.9900000095367432,0.9900000095367432,0.9900000095367432,392
2023-10-13 15:45:00,0.9800000190734863,1.0099999904632568,0.9650999903678894,1.0099999904632568,1.0099999904632568,2457
