Datetime,Open,High,Low,Close,Adj Close,Volume
2023-08-15 09:30:00,87.9000015258789,88.4198989868164,87.73999786376953,88.4198989868164,88.4198989868164,939
2023-08-15 10:00:00,88.16000366210938,88.26000213623047,87.87000274658203,88.13249969482422,88.13249969482422,4033
2023-08-15 10:30:00,88.23999786376953,88.5,88.23999786376953,88.48500061035156,88.48500061035156,2042
2023-08-15 11:00:00,88.19000244140625,88.19000244140625,88.18499755859375,88.18499755859375,88.18499755859375,645
2023-08-15 11:30:00,88.18000030517578,88.25,87.91000366210938,88.25,88.25,2854
2023-08-15 12:00:00,88.46499633789062,88.5999984741211,88.46499633789062,88.5999984741211,88.5999984741211,851
2023-08-15 12:30:00,88.31999969482422,88.31999969482422,88.31999969482422,88.31999969482422,88.31999969482422,351
2023-08-15 13:00:00,88.51499938964844,88.76499938964844,88.41999816894531,88.76499938964844,88.76499938964844,1010
2023-08-15 13:30:00,88.79000091552734,89.16999816894531,88.79000091552734,89.16999816894531,89.16999816894531,993
2023-08-15 14:00:00,89.29000091552734,89.29000091552734,89.12999725341797,89.12999725341797,89.12999725341797,609
2023-08-15 14:30:00,89.19999694824219,89.37000274658203,89.19000244140625,89.37000274658203,89.37000274658203,1140
2023-08-15 15:00:00,89.37999725341797,89.37999725341797,89.13999938964844,89.13999938964844,89.13999938964844,675
2023-08-15 15:30:00,89.06999969482422,89.11000061035156,88.9000015258789,89.02999877929688,89.02999877929688,6623
2023-08-16 09:30:00,88.98999786376953,89.95989990234375,88.98999786376953,89.95989990234375,89.95989990234375,2119
2023-08-16 10:00:00,89.88999938964844,89.88999938964844,89.88999938964844,89.88999938964844,89.88999938964844,875
2023-08-16 10:30:00,90.0,90.05999755859375,89.73500061035156,89.74500274658203,89.74500274658203,1837
2023-08-16 11:00:00,89.66000366210938,89.7300033569336,89.3949966430664,89.3949966430664,89.3949966430664,4811
2023-08-16 11:30:00,89.5199966430664,89.5199966430664,89.5199966430664,89.5199966430664,89.5199966430664,392
2023-08-16 12:00:00,89.41190338134766,89.41190338134766,89.29000091552734,89.34500122070312,89.34500122070312,2103
2023-08-16 12:30:00,89.48999786376953,89.48999786376953,89.37999725341797,89.38999938964844,89.38999938964844,1173
2023-08-16 13:00:00,89.7300033569336,89.7300033569336,89.69000244140625,89.69000244140625,89.69000244140625,958
2023-08-16 14:00:00,89.55999755859375,89.55999755859375,89.48999786376953,89.54000091552734,89.54000091552734,934
2023-08-16 14:30:00,89.58000183105469,89.66000366210938,89.48999786376953,89.48999786376953,89.48999786376953,953
2023-08-16 15:00:00,89.48999786376953,89.5199966430664,89.23999786376953,89.23999786376953,89.23999786376953,1431
2023-08-16 15:30:00,89.23999786376953,89.37000274658203,89.12000274658203,89.25,89.25,2232
2023-08-17 09:30:00,89.29000091552734,89.29000091552734,88.2300033569336,88.2300033569336,88.2300033569336,2954
2023-08-17 10:00:00,88.0999984741211,88.0999984741211,87.62000274658203,87.62000274658203,87.62000274658203,2990
2023-08-17 10:30:00,87.16999816894531,87.37999725341797,87.16999816894531,87.37999725341797,87.37999725341797,1106
2023-08-17 11:00:00,87.22000122070312,87.33000183105469,86.62000274658203,86.62000274658203,86.62000274658203,1715
2023-08-17 11:30:00,86.83999633789062,87.4000015258789,86.83999633789062,87.4000015258789,87.4000015258789,1178
2023-08-17 12:00:00,87.66999816894531,87.66999816894531,87.5199966430664,87.55000305175781,87.55000305175781,1940
2023-08-17 12:30:00,87.58999633789062,87.75,87.56999969482422,87.75,87.75,1736
2023-08-17 13:00:00,87.69999694824219,87.69999694824219,87.69999694824219,87.69999694824219,87.69999694824219,989
2023-08-17 13:30:00,87.5199966430664,87.5199966430664,87.33000183105469,87.41999816894531,87.41999816894531,2612
2023-08-17 14:00:00,87.41000366210938,87.41000366210938,87.41000366210938,87.41000366210938,87.41000366210938,619
2023-08-17 14:30:00,87.33000183105469,87.4000015258789,87.30999755859375,87.31999969482422,87.31999969482422,3148
2023-08-17 15:00:00,87.2300033569336,87.30999755859375,87.02999877929688,87.27999877929688,87.27999877929688,9098
2023-08-17 15:30:00,87.2300033569336,87.4000015258789,87.05000305175781,87.05000305175781,87.05000305175781,5893
2023-08-18 09:30:00,87.08000183105469,87.30000305175781,86.94999694824219,87.30000305175781,87.30000305175781,1965
2023-08-18 10:00:00,87.08999633789062,87.08999633789062,86.68000030517578,86.68000030517578,86.68000030517578,1620
2023-08-18 10:30:00,86.12999725341797,86.8364028930664,85.94999694824219,86.8364028930664,86.8364028930664,2082
2023-08-18 11:00:00,87.31999969482422,87.31999969482422,87.27999877929688,87.27999877929688,87.27999877929688,1157
2023-08-18 12:00:00,87.12000274658203,87.19999694824219,87.12000274658203,87.13999938964844,87.13999938964844,810
2023-08-18 12:30:00,87.58000183105469,87.91999816894531,87.56999969482422,87.91999816894531,87.91999816894531,1577
2023-08-18 13:00:00,87.7300033569336,88.01000213623047,87.7300033569336,88.01000213623047,88.01000213623047,1617
2023-08-18 14:00:00,88.0199966430664,88.43990325927734,88.0199966430664,88.3550033569336,88.3550033569336,3781
2023-08-18 14:30:00,88.30000305175781,88.30000305175781,88.06999969482422,88.06999969482422,88.06999969482422,748
2023-08-18 15:00:00,88.02999877929688,88.02999877929688,87.95999908447266,88.0,88.0,1184
2023-08-18 15:30:00,87.94999694824219,88.1500015258789,87.91999816894531,88.1500015258789,88.1500015258789,4584
2023-08-21 09:30:00,88.83999633789062,88.83999633789062,88.00499725341797,88.13999938964844,88.13999938964844,1485
2023-08-21 10:00:00,87.80999755859375,87.80999755859375,87.72000122070312,87.72000122070312,87.72000122070312,1250
2023-08-21 10:30:00,87.55999755859375,87.6050033569336,87.4800033569336,87.5,87.5,2027
2023-08-21 11:00:00,87.4000015258789,87.41000366210938,87.38999938964844,87.38999938964844,87.38999938964844,1094
2023-08-21 11:30:00,87.25,87.25,87.25,87.25,87.25,761
2023-08-21 12:00:00,87.29000091552734,87.5,87.29000091552734,87.5,87.5,4405
2023-08-21 13:00:00,87.88990020751953,87.88990020751953,87.61000061035156,87.6707992553711,87.6707992553711,1133
2023-08-21 13:30:00,87.7699966430664,87.80999755859375,87.61000061035156,87.61000061035156,87.61000061035156,1213
2023-08-21 14:00:00,87.5999984741211,87.66000366210938,87.31999969482422,87.38999938964844,87.38999938964844,1416
2023-08-21 14:30:00,87.45999908447266,87.51399993896484,87.27999877929688,87.27999877929688,87.27999877929688,1770
2023-08-21 15:00:00,87.31500244140625,87.41999816894531,87.18000030517578,87.18000030517578,87.18000030517578,2207
2023-08-21 15:30:00,87.33999633789062,87.4000015258789,87.27999877929688,87.27999877929688,87.27999877929688,3493
2023-08-22 09:30:00,88.01000213623047,88.01000213623047,87.38999938964844,87.48999786376953,87.48999786376953,3296
2023-08-22 10:00:00,87.66999816894531,87.81999969482422,87.37200164794922,87.37200164794922,87.37200164794922,1719
2023-08-22 10:30:00,87.36499786376953,87.36499786376953,87.36499786376953,87.36499786376953,87.36499786376953,168
2023-08-22 11:00:00,87.37000274658203,87.37000274658203,87.37000274658203,87.37000274658203,87.37000274658203,593
2023-08-22 11:30:00,87.3499984741211,87.45500183105469,86.83999633789062,87.0770034790039,87.0770034790039,4437
2023-08-22 12:00:00,86.9000015258789,86.91000366210938,86.83999633789062,86.9000015258789,86.9000015258789,1827
2023-08-22 13:00:00,86.54000091552734,86.55999755859375,86.54000091552734,86.55000305175781,86.55000305175781,1342
2023-08-22 13:30:00,86.3499984741211,86.77999877929688,86.3499984741211,86.6500015258789,86.6500015258789,2463
2023-08-22 14:00:00,86.97989654541016,87.01000213623047,86.63999938964844,86.63999938964844,86.63999938964844,4877
2023-08-22 14:30:00,86.55000305175781,86.55000305175781,86.25,86.25,86.25,1226
2023-08-22 15:00:00,86.44999694824219,86.76000213623047,86.4000015258789,86.58000183105469,86.58000183105469,4272
2023-08-22 15:30:00,86.52999877929688,86.76000213623047,86.5,86.51000213623047,86.51000213623047,9443
2023-08-23 09:30:00,87.29000091552734,88.18000030517578,87.29000091552734,88.18000030517578,88.18000030517578,1978
2023-08-23 10:00:00,88.18000030517578,88.2698974609375,87.66000366210938,87.66000366210938,87.66000366210938,2484
2023-08-23 10:30:00,87.4000015258789,87.51000213623047,87.4000015258789,87.51000213623047,87.51000213623047,511
2023-08-23 11:00:00,87.44000244140625,87.44000244140625,87.30000305175781,87.30000305175781,87.30000305175781,1351
2023-08-23 11:30:00,87.68000030517578,87.68000030517578,87.63999938964844,87.63999938964844,87.63999938964844,858
2023-08-23 12:00:00,87.62000274658203,87.62000274658203,87.62000274658203,87.62000274658203,87.62000274658203,453
2023-08-23 12:30:00,87.63999938964844,87.7300033569336,87.52999877929688,87.52999877929688,87.52999877929688,2258
2023-08-23 13:00:00,87.66000366210938,87.66000366210938,86.95999908447266,87.11000061035156,87.11000061035156,2945
2023-08-23 13:30:00,87.27999877929688,87.68000030517578,87.27999877929688,87.44999694824219,87.44999694824219,1515
2023-08-23 14:00:00,87.43000030517578,87.5999984741211,87.43000030517578,87.5999984741211,87.5999984741211,1087
2023-08-23 14:30:00,87.62000274658203,87.62000274658203,87.08000183105469,87.2699966430664,87.2699966430664,7751
2023-08-23 15:00:00,87.23999786376953,87.44999694824219,87.1500015258789,87.16000366210938,87.16000366210938,2317
2023-08-23 15:30:00,87.42500305175781,87.73999786376953,87.29000091552734,87.55000305175781,87.55000305175781,6832
2023-08-24 09:30:00,87.62000274658203,88.22000122070312,87.31999969482422,88.22000122070312,88.22000122070312,1894
2023-08-24 10:00:00,88.41999816894531,88.48999786376953,88.13999938964844,88.48999786376953,88.48999786376953,1147
2023-08-24 10:30:00,88.16000366210938,88.16000366210938,87.77999877929688,87.83999633789062,87.83999633789062,2279
2023-08-24 11:00:00,87.66000366210938,87.66000366210938,87.66000366210938,87.66000366210938,87.66000366210938,282
2023-08-24 11:30:00,87.66000366210938,87.83000183105469,87.62999725341797,87.62999725341797,87.62999725341797,1566
2023-08-24 12:00:00,87.64179992675781,87.64179992675781,87.64179992675781,87.64179992675781,87.64179992675781,703
2023-08-24 12:30:00,87.43000030517578,87.44999694824219,87.23999786376953,87.2699966430664,87.2699966430664,2385
2023-08-24 13:30:00,87.30999755859375,87.30999755859375,87.25,87.25,87.25,834
2023-08-24 14:00:00,87.21499633789062,87.37999725341797,87.21499633789062,87.31999969482422,87.31999969482422,1014
2023-08-24 14:30:00,87.38500213623047,87.38500213623047,87.38500213623047,87.38500213623047,87.38500213623047,365
2023-08-24 15:00:00,87.45500183105469,87.625,87.44499969482422,87.5,87.5,2557
2023-08-24 15:30:00,87.58999633789062,87.75,87.16000366210938,87.16000366210938,87.16000366210938,6785
2023-08-25 09:30:00,87.37000274658203,88.1500015258789,87.37000274658203,88.1500015258789,88.1500015258789,1622
2023-08-25 10:00:00,88.0,89.0,88.0,88.19000244140625,88.19000244140625,3492
2023-08-25 10:30:00,88.1449966430664,88.1449966430664,87.58999633789062,87.69999694824219,87.69999694824219,2210
2023-08-25 11:00:00,87.69000244140625,88.15499877929688,87.69000244140625,87.98999786376953,87.98999786376953,9348
2023-08-25 11:30:00,88.26000213623047,88.26000213623047,87.88999938964844,87.88999938964844,87.88999938964844,2097
2023-08-25 12:00:00,87.76000213623047,88.28500366210938,87.76000213623047,88.2249984741211,88.2249984741211,3659
2023-08-25 13:00:00,88.0199966430664,88.45999908447266,87.94999694824219,88.12999725341797,88.12999725341797,1619
2023-08-25 13:30:00,88.19000244140625,88.51000213623047,88.19000244140625,88.48999786376953,88.48999786376953,1451
2023-08-25 14:00:00,88.62999725341797,88.6500015258789,88.58999633789062,88.62000274658203,88.62000274658203,1471
2023-08-25 14:30:00,88.97000122070312,88.98999786376953,88.75,88.75,88.75,1990
2023-08-25 15:00:00,88.91000366210938,89.20999908447266,88.90989685058594,89.19999694824219,89.19999694824219,1668
2023-08-25 15:30:00,89.1449966430664,89.1449966430664,88.41000366210938,88.44999694824219,88.44999694824219,7235
2023-08-28 09:30:00,88.58000183105469,89.73999786376953,88.58000183105469,89.7300033569336,89.7300033569336,3116
2023-08-28 10:00:00,89.87000274658203,90.3499984741211,89.80000305175781,90.33999633789062,90.33999633789062,7541
2023-08-28 10:30:00,90.33000183105469,90.5999984741211,90.30999755859375,90.56999969482422,90.56999969482422,3376
2023-08-28 11:00:00,90.36000061035156,90.4800033569336,90.36000061035156,90.4800033569336,90.4800033569336,1475
2023-08-28 12:00:00,90.37999725341797,90.43000030517578,90.20999908447266,90.33989715576172,90.33989715576172,699
2023-08-28 12:30:00,89.86000061035156,89.86000061035156,89.62999725341797,89.62999725341797,89.62999725341797,458
2023-08-28 13:00:00,89.76000213623047,89.76000213623047,89.66000366210938,89.66000366210938,89.66000366210938,732
2023-08-28 13:30:00,89.5199966430664,89.5199966430664,89.5199966430664,89.5199966430664,89.5199966430664,536
2023-08-28 14:00:00,89.58999633789062,89.58999633789062,89.44999694824219,89.45999908447266,89.45999908447266,746
2023-08-28 14:30:00,89.69999694824219,89.83999633789062,89.51000213623047,89.51000213623047,89.51000213623047,1754
2023-08-28 15:00:00,89.54000091552734,89.95780181884766,89.54000091552734,89.80999755859375,89.80999755859375,2077
2023-08-28 15:30:00,89.66999816894531,89.8499984741211,89.5,89.8499984741211,89.8499984741211,3585
2023-08-29 09:30:00,89.58999633789062,90.38500213623047,89.56999969482422,90.38500213623047,90.38500213623047,2527
2023-08-29 10:00:00,90.38999938964844,91.0,90.38999938964844,90.94000244140625,90.94000244140625,2589
2023-08-29 10:30:00,91.2699966430664,91.62999725341797,91.25,91.25,91.25,2090
2023-08-29 11:00:00,91.72000122070312,91.81999969482422,91.64250183105469,91.81999969482422,91.81999969482422,703
2023-08-29 11:30:00,91.98999786376953,92.4800033569336,91.98999786376953,92.4800033569336,92.4800033569336,3176
2023-08-29 12:00:00,92.47000122070312,92.54000091552734,92.30999755859375,92.30999755859375,92.30999755859375,1098
2023-08-29 12:30:00,92.18000030517578,92.23999786376953,92.18000030517578,92.23999786376953,92.23999786376953,518
2023-08-29 13:00:00,92.52989959716797,92.52989959716797,92.52989959716797,92.52989959716797,92.52989959716797,649
2023-08-29 13:30:00,92.44999694824219,92.45999908447266,92.26000213623047,92.26000213623047,92.26000213623047,1543
2023-08-29 14:00:00,92.41699981689453,92.41699981689453,92.25070190429688,92.29010009765625,92.29010009765625,1859
2023-08-29 14:30:00,92.47000122070312,92.6500015258789,92.47000122070312,92.6500015258789,92.6500015258789,1635
2023-08-29 15:00:00,92.69000244140625,92.91999816894531,92.69000244140625,92.91999816894531,92.91999816894531,406
2023-08-29 15:30:00,92.95500183105469,92.95500183105469,92.7300033569336,92.7699966430664,92.7699966430664,3799
2023-08-30 09:30:00,93.22000122070312,94.2300033569336,92.68000030517578,94.2300033569336,94.2300033569336,3305
2023-08-30 10:00:00,94.38999938964844,94.38999938964844,93.81500244140625,93.9800033569336,93.9800033569336,5587
2023-08-30 10:30:00,94.20999908447266,95.33000183105469,94.20999908447266,95.33000183105469,95.33000183105469,3003
2023-08-30 11:00:00,95.30999755859375,95.81099700927734,95.0250015258789,95.81099700927734,95.81099700927734,3333
2023-08-30 11:30:00,95.81999969482422,95.81999969482422,95.61000061035156,95.61000061035156,95.61000061035156,983
2023-08-30 12:00:00,95.77999877929688,95.77999877929688,95.42500305175781,95.55000305175781,95.55000305175781,1074
2023-08-30 12:30:00,95.41999816894531,95.55000305175781,95.41999816894531,95.55000305175781,95.55000305175781,646
2023-08-30 13:00:00,95.41999816894531,95.41999816894531,95.22550201416016,95.22550201416016,95.22550201416016,1212
2023-08-30 13:30:00,95.37999725341797,95.37999725341797,95.37999725341797,95.37999725341797,95.37999725341797,646
2023-08-30 14:00:00,95.11000061035156,95.44000244140625,95.08000183105469,95.44000244140625,95.44000244140625,1320
2023-08-30 14:30:00,95.26000213623047,95.33000183105469,95.26000213623047,95.33000183105469,95.33000183105469,515
2023-08-30 15:00:00,95.44999694824219,95.44999694824219,95.25,95.27999877929688,95.27999877929688,2980
2023-08-30 15:30:00,95.48999786376953,95.48999786376953,94.7699966430664,95.06999969482422,95.06999969482422,6935
2023-08-31 09:30:00,96.12999725341797,96.83999633789062,94.9800033569336,96.0999984741211,96.0999984741211,8204
2023-08-31 10:00:00,96.33999633789062,96.4749984741211,95.4000015258789,96.01000213623047,96.01000213623047,2733
2023-08-31 10:30:00,95.87999725341797,95.94000244140625,95.79000091552734,95.79000091552734,95.79000091552734,2879
2023-08-31 11:00:00,95.5999984741211,95.69999694824219,94.72000122070312,95.37999725341797,95.37999725341797,2290
2023-08-31 11:30:00,95.11000061035156,95.18000030517578,95.11000061035156,95.18000030517578,95.18000030517578,1470
2023-08-31 12:00:00,95.33999633789062,95.37000274658203,95.01000213623047,95.04000091552734,95.04000091552734,4303
2023-08-31 12:30:00,94.93000030517578,94.93000030517578,94.37000274658203,94.66000366210938,94.66000366210938,2030
2023-08-31 13:00:00,94.4000015258789,94.4000015258789,94.4000015258789,94.4000015258789,94.4000015258789,829
2023-08-31 13:30:00,94.5,94.5199966430664,93.80999755859375,94.0999984741211,94.0999984741211,1612
2023-08-31 14:00:00,94.12999725341797,94.2300033569336,94.12000274658203,94.2300033569336,94.2300033569336,1628
2023-08-31 14:30:00,94.11000061035156,94.11000061035156,93.77999877929688,93.77999877929688,93.77999877929688,770
2023-08-31 15:00:00,93.69000244140625,93.69000244140625,93.4000015258789,93.56999969482422,93.56999969482422,1908
2023-08-31 15:30:00,93.2750015258789,93.2750015258789,92.3499984741211,92.3499984741211,92.3499984741211,7947
2023-09-01 09:30:00,93.43000030517578,93.83999633789062,93.37000274658203,93.83999633789062,93.83999633789062,2381
2023-09-01 10:00:00,93.73999786376953,94.19000244140625,93.33000183105469,93.33000183105469,93.33000183105469,2334
2023-09-01 10:30:00,92.5999984741211,92.68000030517578,92.48500061035156,92.68000030517578,92.68000030517578,2096
2023-09-01 11:00:00,91.80000305175781,92.25499725341797,91.75,92.19000244140625,92.19000244140625,2217
2023-09-01 11:30:00,91.87999725341797,92.30999755859375,91.87999725341797,92.30999755859375,92.30999755859375,1234
2023-09-01 12:00:00,92.20999908447266,92.58000183105469,92.20999908447266,92.58000183105469,92.58000183105469,930
2023-09-01 12:30:00,92.94999694824219,92.94999694824219,92.94999694824219,92.94999694824219,92.94999694824219,438
2023-09-01 13:00:00,92.55000305175781,92.55000305175781,92.51000213623047,92.51000213623047,92.51000213623047,573
2023-09-01 13:30:00,92.48999786376953,92.48999786376953,92.24500274658203,92.24500274658203,92.24500274658203,1042
2023-09-01 14:00:00,92.26000213623047,92.27999877929688,92.02999877929688,92.25,92.25,2677
2023-09-01 14:30:00,92.25,92.25,92.2300033569336,92.2300033569336,92.2300033569336,622
2023-09-01 15:00:00,92.08000183105469,92.08000183105469,91.08000183105469,91.37999725341797,91.37999725341797,3385
2023-09-01 15:30:00,91.33499908447266,91.83000183105469,91.12999725341797,91.80999755859375,91.80999755859375,7373
2023-09-05 09:30:00,91.01000213623047,93.91000366210938,91.01000213623047,93.76000213623047,93.76000213623047,4758
2023-09-05 10:00:00,93.69999694824219,93.97000122070312,93.4800033569336,93.80000305175781,93.80000305175781,4242
2023-09-05 10:30:00,93.9000015258789,93.9000015258789,93.33999633789062,93.4800033569336,93.4800033569336,3575
2023-09-05 11:00:00,93.47049713134766,93.81999969482422,93.47049713134766,93.80989837646484,93.80989837646484,1975
2023-09-05 11:30:00,93.87000274658203,93.87000274658203,93.87000274658203,93.87000274658203,93.87000274658203,709
2023-09-05 12:00:00,93.66000366210938,93.69000244140625,93.51000213623047,93.69000244140625,93.69000244140625,2125
2023-09-05 12:30:00,94.06999969482422,94.2699966430664,94.06999969482422,94.16999816894531,94.16999816894531,1972
2023-09-05 13:00:00,94.05000305175781,94.05999755859375,93.55999755859375,93.56999969482422,93.56999969482422,2695
2023-09-05 13:30:00,93.3550033569336,93.62999725341797,93.3550033569336,93.55999755859375,93.55999755859375,2187
2023-09-05 14:00:00,93.58999633789062,93.58999633789062,93.51499938964844,93.51499938964844,93.51499938964844,1392
2023-09-05 14:30:00,93.41999816894531,93.5199966430664,93.41999816894531,93.51000213623047,93.51000213623047,1151
2023-09-05 15:00:00,93.76000213623047,93.76000213623047,93.05000305175781,93.44000244140625,93.44000244140625,2331
2023-09-05 15:30:00,93.37999725341797,93.69999694824219,93.16000366210938,93.69000244140625,93.69000244140625,5835
2023-09-06 09:30:00,93.72000122070312,93.72000122070312,93.5,93.5,93.5,0
2023-09-06 10:00:00,93.41999816894531,93.47229766845703,93.27999877929688,93.27999877929688,93.27999877929688,1478
2023-09-06 10:30:00,93.16999816894531,93.16999816894531,92.87999725341797,92.87999725341797,92.87999725341797,1343
2023-09-06 11:30:00,93.18890380859375,93.66999816894531,93.01000213623047,93.66999816894531,93.66999816894531,3855
2023-09-06 12:00:00,93.58999633789062,93.69999694824219,93.50499725341797,93.50499725341797,93.50499725341797,2083
2023-09-06 12:30:00,93.37999725341797,93.37999725341797,93.29499816894531,93.29499816894531,93.29499816894531,725
2023-09-06 13:00:00,93.22000122070312,93.30999755859375,93.09500122070312,93.27999877929688,93.27999877929688,1258
2023-09-06 13:30:00,93.33999633789062,93.5,93.1500015258789,93.1500015258789,93.1500015258789,3812
2023-09-06 15:00:00,93.4000015258789,93.69000244140625,93.21499633789062,93.51000213623047,93.51000213623047,2430
2023-09-06 15:30:00,93.5199966430664,93.81999969482422,93.37000274658203,93.77999877929688,93.77999877929688,9710
2023-09-07 09:30:00,93.61000061035156,94.58999633789062,93.61000061035156,94.19000244140625,94.19000244140625,3509
2023-09-07 10:00:00,93.75,93.9000015258789,93.75,93.9000015258789,93.9000015258789,717
2023-09-07 10:30:00,92.87999725341797,93.48500061035156,92.87999725341797,93.0,93.0,3966
2023-09-07 11:00:00,93.04000091552734,93.04000091552734,92.94000244140625,92.94000244140625,92.94000244140625,1270
2023-09-07 12:30:00,93.02999877929688,93.02999877929688,92.79000091552734,92.79000091552734,92.79000091552734,420
2023-09-07 13:00:00,92.73500061035156,92.73500061035156,92.71499633789062,92.71499633789062,92.71499633789062,958
2023-09-07 13:30:00,92.3499984741211,92.70999908447266,92.3499984741211,92.70999908447266,92.70999908447266,882
2023-09-07 14:30:00,92.69999694824219,92.69999694824219,92.69999694824219,92.69999694824219,92.69999694824219,380
2023-09-07 15:00:00,92.63500213623047,92.63500213623047,91.9000015258789,91.91999816894531,91.91999816894531,2920
2023-09-07 15:30:00,91.62000274658203,92.36000061035156,91.62000274658203,92.05000305175781,92.05000305175781,3262
2023-09-08 09:30:00,92.0,92.67379760742188,92.0,92.67379760742188,92.67379760742188,1284
2023-09-08 10:00:00,92.93499755859375,93.26000213623047,92.93499755859375,93.26000213623047,93.26000213623047,1219
2023-09-08 10:30:00,93.41000366210938,93.45999908447266,93.05999755859375,93.05999755859375,93.05999755859375,2207
2023-09-08 11:30:00,92.99919891357422,92.99919891357422,92.99919891357422,92.99919891357422,92.99919891357422,780
2023-09-08 12:30:00,92.98999786376953,93.22000122070312,92.98999786376953,93.22000122070312,93.22000122070312,806
2023-09-08 13:00:00,93.0,93.01499938964844,93.0,93.01499938964844,93.01499938964844,865
2023-09-08 13:30:00,92.75,92.80000305175781,92.32579803466797,92.51000213623047,92.51000213623047,4848
2023-09-08 14:30:00,92.16000366210938,92.51000213623047,92.16000366210938,92.43000030517578,92.43000030517578,1925
2023-09-08 15:00:00,92.54000091552734,92.93000030517578,92.54000091552734,92.8499984741211,92.8499984741211,950
2023-09-08 15:30:00,92.73999786376953,92.93000030517578,92.58999633789062,92.7249984741211,92.7249984741211,4691
2023-09-11 09:30:00,93.62000274658203,93.62000274658203,93.58999633789062,93.58999633789062,93.58999633789062,266
2023-09-11 10:00:00,93.62000274658203,93.87000274658203,93.62000274658203,93.87000274658203,93.87000274658203,808
2023-09-11 10:30:00,94.11000061035156,94.11000061035156,94.11000061035156,94.11000061035156,94.11000061035156,651
2023-09-11 11:30:00,94.79000091552734,94.80000305175781,94.3499984741211,94.68090057373047,94.68090057373047,4735
2023-09-11 12:00:00,94.7300033569336,95.0250015258789,94.7300033569336,95.0250015258789,95.0250015258789,6352
2023-09-11 12:30:00,94.81999969482422,95.12999725341797,94.81999969482422,95.12999725341797,95.12999725341797,1206
2023-09-11 13:00:00,94.91999816894531,95.22000122070312,94.80000305175781,95.22000122070312,95.22000122070312,2692
2023-09-11 13:30:00,95.20500183105469,95.37000274658203,94.69999694824219,95.0,95.0,5186
2023-09-11 14:00:00,94.72000122070312,95.19999694824219,94.5,94.80000305175781,94.80000305175781,7555
2023-09-11 14:30:00,94.81999969482422,95.33000183105469,94.76000213623047,94.76000213623047,94.76000213623047,4148
2023-09-11 15:00:00,95.25,95.38500213623047,95.06999969482422,95.06999969482422,95.06999969482422,1272
2023-09-11 15:30:00,95.19000244140625,95.66999816894531,95.19000244140625,95.66000366210938,95.66000366210938,7245
2023-09-12 09:30:00,95.97000122070312,96.01000213623047,95.4000015258789,95.91999816894531,95.91999816894531,3647
2023-09-12 10:00:00,95.41999816894531,95.53500366210938,95.41999816894531,95.53500366210938,95.53500366210938,491
2023-09-12 10:30:00,95.93000030517578,96.20999908447266,95.84500122070312,95.84500122070312,95.84500122070312,1599
2023-09-12 11:00:00,96.18000030517578,96.18000030517578,95.44999694824219,95.44999694824219,95.44999694824219,754
2023-09-12 11:30:00,95.76000213623047,95.76000213623047,95.76000213623047,95.76000213623047,95.76000213623047,153
2023-09-12 12:00:00,95.76000213623047,96.19249725341797,95.76000213623047,95.95999908447266,95.95999908447266,2204
2023-09-12 12:30:00,95.95999908447266,96.23999786376953,95.84500122070312,96.23999786376953,96.23999786376953,1522
2023-09-12 13:00:00,96.31999969482422,96.56999969482422,96.08999633789062,96.2300033569336,96.2300033569336,2487
2023-09-12 13:30:00,96.04499816894531,96.31999969482422,95.98999786376953,96.20999908447266,96.20999908447266,1937
2023-09-12 14:00:00,96.61000061035156,96.61000061035156,96.2699966430664,96.32499694824219,96.32499694824219,3642
2023-09-12 14:30:00,96.66000366210938,96.66000366210938,96.30000305175781,96.30000305175781,96.30000305175781,1136
2023-09-12 15:00:00,96.70999908447266,96.91999816894531,96.70999908447266,96.9000015258789,96.9000015258789,2071
2023-09-12 15:30:00,97.04000091552734,97.55000305175781,96.86000061035156,97.54000091552734,97.54000091552734,10304
2023-09-13 09:30:00,97.73999786376953,98.80999755859375,97.66000366210938,98.56999969482422,98.56999969482422,4377
2023-09-13 10:00:00,98.36250305175781,98.5199966430664,97.66000366210938,98.5199966430664,98.5199966430664,7305
2023-09-13 10:30:00,98.45500183105469,100.20999908447266,98.45500183105469,99.62999725341797,99.62999725341797,8047
2023-09-13 11:00:00,99.5250015258789,99.7699966430664,99.48999786376953,99.48999786376953,99.48999786376953,2499
2023-09-13 11:30:00,99.73999786376953,99.9000015258789,99.69999694824219,99.83000183105469,99.83000183105469,2299
2023-09-13 12:00:00,99.82499694824219,99.82499694824219,98.5999984741211,98.5999984741211,98.5999984741211,4887
2023-09-13 12:30:00,98.73999786376953,99.08000183105469,98.38999938964844,98.76000213623047,98.76000213623047,2271
2023-09-13 13:00:00,98.41999816894531,99.0199966430664,98.41999816894531,98.81999969482422,98.81999969482422,2066
2023-09-13 13:30:00,98.7699966430664,99.44999694824219,98.6500015258789,98.9800033569336,98.9800033569336,10621
2023-09-13 14:00:00,98.94000244140625,99.0999984741211,98.80999755859375,98.81999969482422,98.81999969482422,6973
2023-09-13 14:30:00,98.75,98.81999969482422,98.1500015258789,98.1500015258789,98.1500015258789,2292
2023-09-13 15:00:00,98.0999984741211,98.2300033569336,97.94999694824219,98.20999908447266,98.20999908447266,1674
2023-09-13 15:30:00,98.2499008178711,98.33000183105469,97.66000366210938,97.66000366210938,97.66000366210938,9863
2023-09-14 09:30:00,98.06999969482422,98.30500030517578,97.75,98.03500366210938,98.03500366210938,5964
2023-09-14 10:00:00,97.88999938964844,98.05999755859375,97.88999938964844,98.05999755859375,98.05999755859375,1130
2023-09-14 10:30:00,98.0,98.05999755859375,97.86000061035156,97.86000061035156,97.86000061035156,2683
2023-09-14 11:00:00,97.93000030517578,98.22000122070312,97.81999969482422,97.81999969482422,97.81999969482422,2475
2023-09-14 11:30:00,98.02999877929688,98.33000183105469,98.01000213623047,98.25499725341797,98.25499725341797,2744
2023-09-14 12:30:00,98.19999694824219,98.25,98.19999694824219,98.25,98.25,844
2023-09-14 13:00:00,98.5,98.5,98.08999633789062,98.19000244140625,98.19000244140625,2636
2023-09-14 13:30:00,97.94499969482422,98.30999755859375,97.94499969482422,98.30999755859375,98.30999755859375,1292
2023-09-14 14:00:00,98.33999633789062,98.33999633789062,97.93000030517578,97.95999908447266,97.95999908447266,2677
2023-09-14 14:30:00,98.01499938964844,98.01499938964844,98.01499938964844,98.01499938964844,98.01499938964844,513
2023-09-14 15:00:00,98.0,98.4198989868164,98.0,98.4198989868164,98.4198989868164,1964
2023-09-14 15:30:00,98.04000091552734,98.12999725341797,97.76000213623047,97.77999877929688,97.77999877929688,12164
2023-09-15 09:30:00,97.43000030517578,97.70999908447266,96.88500213623047,97.68000030517578,97.68000030517578,3060
2023-09-15 10:00:00,97.16999816894531,97.33000183105469,96.29000091552734,96.31999969482422,96.31999969482422,2827
2023-09-15 10:30:00,96.12999725341797,96.5999984741211,95.75,95.75,95.75,3838
2023-09-15 11:00:00,95.56999969482422,95.56999969482422,94.70010375976562,95.31629943847656,95.31629943847656,2596
2023-09-15 11:30:00,95.18000030517578,95.19999694824219,95.16500091552734,95.16500091552734,95.16500091552734,1430
2023-09-15 12:00:00,94.93000030517578,95.25,94.875,95.25,95.25,2453
2023-09-15 12:30:00,95.29499816894531,95.29499816894531,95.16000366210938,95.27999877929688,95.27999877929688,1231
2023-09-15 13:00:00,95.2300033569336,95.45500183105469,95.12999725341797,95.45500183105469,95.45500183105469,3108
2023-09-15 13:30:00,95.30999755859375,95.37000274658203,95.08000183105469,95.37000274658203,95.37000274658203,3446
2023-09-15 14:00:00,95.4800033569336,95.94999694824219,95.31999969482422,95.91000366210938,95.91000366210938,4675
2023-09-15 14:30:00,95.5999984741211,96.01000213623047,95.58999633789062,95.9000015258789,95.9000015258789,3783
2023-09-15 15:00:00,95.83999633789062,96.66000366210938,95.70500183105469,96.43000030517578,96.43000030517578,6719
2023-09-15 15:30:00,96.69999694824219,96.7300033569336,96.2300033569336,96.55999755859375,96.55999755859375,18556
2023-09-18 09:30:00,95.9800033569336,95.9800033569336,94.87999725341797,95.0999984741211,95.0999984741211,2961
2023-09-18 10:00:00,95.34500122070312,95.72000122070312,95.34500122070312,95.65570068359375,95.65570068359375,1419
2023-09-18 10:30:00,95.7300033569336,95.75,94.30249786376953,94.30249786376953,94.30249786376953,2351
2023-09-18 11:00:00,94.01499938964844,95.37830352783203,94.01499938964844,94.95999908447266,94.95999908447266,2382
2023-09-18 11:30:00,95.41000366210938,95.41000366210938,95.41000366210938,95.41000366210938,95.41000366210938,1033
2023-09-18 13:00:00,95.6500015258789,95.69999694824219,95.6500015258789,95.66000366210938,95.66000366210938,1724
2023-09-18 13:30:00,95.18000030517578,95.22000122070312,95.18000030517578,95.22000122070312,95.22000122070312,1107
2023-09-18 14:30:00,95.80000305175781,96.16000366210938,95.72000122070312,96.16000366210938,96.16000366210938,1475
2023-09-18 15:00:00,96.13999938964844,96.29000091552734,95.83999633789062,96.1500015258789,96.1500015258789,2666
2023-09-18 15:30:00,96.0999984741211,96.33000183105469,95.87000274658203,96.30000305175781,96.30000305175781,8653
2023-09-19 09:30:00,96.9000015258789,97.08999633789062,96.44499969482422,96.44499969482422,96.44499969482422,1281
2023-09-19 10:00:00,96.375,96.55999755859375,96.1449966430664,96.55999755859375,96.55999755859375,2519
2023-09-19 10:30:00,96.69000244140625,96.69000244140625,96.1500015258789,96.1500015258789,96.1500015258789,1861
2023-09-19 11:00:00,96.44999694824219,96.55999755859375,96.38999938964844,96.55999755859375,96.55999755859375,2002
2023-09-19 11:30:00,96.77999877929688,96.91999816894531,96.76499938964844,96.79000091552734,96.79000091552734,2044
2023-09-19 12:00:00,96.66999816894531,96.66999816894531,96.36000061035156,96.36000061035156,96.36000061035156,2171
2023-09-19 12:30:00,95.66000366210938,95.66000366210938,95.66000366210938,95.66000366210938,95.66000366210938,477
2023-09-19 13:00:00,95.83000183105469,96.37000274658203,95.83000183105469,96.37000274658203,96.37000274658203,813
2023-09-19 13:30:00,96.30000305175781,96.30000305175781,96.26000213623047,96.26000213623047,96.26000213623047,695
2023-09-19 14:00:00,96.0999984741211,96.0999984741211,96.06999969482422,96.06999969482422,96.06999969482422,768
2023-09-19 14:30:00,96.30000305175781,96.30000305175781,96.10749816894531,96.10749816894531,96.10749816894531,1666
2023-09-19 15:00:00,96.05000305175781,96.25,95.72000122070312,96.25,96.25,4518
2023-09-19 15:30:00,96.31999969482422,96.5999984741211,96.05000305175781,96.52999877929688,96.52999877929688,8923
2023-09-20 09:30:00,96.79000091552734,97.70999908447266,96.33999633789062,97.19999694824219,97.19999694824219,5761
2023-09-20 10:00:00,97.33000183105469,97.87999725341797,97.33000183105469,97.80000305175781,97.80000305175781,1806
2023-09-20 10:30:00,97.0199966430664,97.0199966430664,96.7699966430664,96.96499633789062,96.96499633789062,1126
2023-09-20 11:00:00,97.22000122070312,97.22000122070312,96.95999908447266,96.95999908447266,96.95999908447266,934
2023-09-20 11:30:00,96.58000183105469,96.62560272216797,96.42009735107422,96.42009735107422,96.42009735107422,1070
2023-09-20 12:00:00,96.51000213623047,96.75,96.5,96.6500015258789,96.6500015258789,4124
2023-09-20 13:00:00,96.94000244140625,97.20999908447266,96.94000244140625,97.05000305175781,97.05000305175781,1192
2023-09-20 13:30:00,97.13999938964844,97.36000061035156,97.13999938964844,97.36000061035156,97.36000061035156,612
2023-09-20 14:00:00,97.26000213623047,97.4280014038086,97.2300033569336,97.4280014038086,97.4280014038086,1294
2023-09-20 14:30:00,97.37999725341797,97.55999755859375,97.19999694824219,97.55999755859375,97.55999755859375,2314
2023-09-20 15:00:00,97.55999755859375,97.70999908447266,97.0,97.70999908447266,97.70999908447266,3097
2023-09-20 15:30:00,97.43499755859375,97.48999786376953,97.08999633789062,97.19999694824219,97.19999694824219,8079
2023-09-21 09:30:00,95.88999938964844,96.58999633789062,95.51000213623047,95.51000213623047,95.51000213623047,1885
2023-09-21 10:00:00,96.37000274658203,97.23500061035156,96.03500366210938,97.22000122070312,97.22000122070312,3954
2023-09-21 10:30:00,96.71690368652344,96.9000015258789,96.71690368652344,96.72000122070312,96.72000122070312,1119
2023-09-21 11:00:00,96.84500122070312,97.18499755859375,96.5,97.05999755859375,97.05999755859375,5069
2023-09-21 11:30:00,96.83999633789062,97.55999755859375,96.7300033569336,97.55999755859375,97.55999755859375,3886
2023-09-21 12:00:00,97.87999725341797,98.20999908447266,97.87999725341797,98.20999908447266,98.20999908447266,2570
2023-09-21 12:30:00,98.70999908447266,98.70999908447266,98.0999984741211,98.13999938964844,98.13999938964844,3191
2023-09-21 13:00:00,98.05999755859375,98.70999908447266,98.0,98.4000015258789,98.4000015258789,8239
2023-09-21 13:30:00,98.62999725341797,98.91999816894531,98.33999633789062,98.33999633789062,98.33999633789062,3682
2023-09-21 14:00:00,98.49749755859375,98.52799987792969,97.94999694824219,98.13249969482422,98.13249969482422,3774
2023-09-21 14:30:00,98.05999755859375,98.31999969482422,97.75,97.80000305175781,97.80000305175781,6262
2023-09-21 15:00:00,97.79499816894531,97.85800170898438,97.05999755859375,97.05999755859375,97.05999755859375,6940
2023-09-21 15:30:00,96.70999908447266,96.93000030517578,96.11499786376953,96.47000122070312,96.47000122070312,18656
2023-09-22 09:30:00,97.26000213623047,97.26000213623047,96.72000122070312,96.98999786376953,96.98999786376953,857
2023-09-22 10:00:00,96.52999877929688,97.62999725341797,96.41999816894531,97.48999786376953,97.48999786376953,1762
2023-09-22 11:00:00,96.95010375976562,97.47000122070312,96.95010375976562,97.47000122070312,97.47000122070312,1467
2023-09-22 12:00:00,97.37999725341797,97.402099609375,97.11000061035156,97.19999694824219,97.19999694824219,2167
2023-09-22 12:30:00,96.88999938964844,96.88999938964844,96.86000061035156,96.86000061035156,96.86000061035156,681
2023-09-22 13:00:00,96.82749938964844,96.8499984741211,96.37999725341797,96.37999725341797,96.37999725341797,1325
2023-09-22 13:30:00,95.95999908447266,96.02999877929688,95.95999908447266,96.02999877929688,96.02999877929688,1262
2023-09-22 14:00:00,95.83000183105469,95.83000183105469,95.16000366210938,95.51000213623047,95.51000213623047,1630
2023-09-22 14:30:00,95.70999908447266,95.70999908447266,95.16999816894531,95.2300033569336,95.2300033569336,1606
2023-09-22 15:00:00,95.38999938964844,95.38999938964844,95.02999877929688,95.04000091552734,95.04000091552734,2407
2023-09-22 15:30:00,95.34500122070312,95.7300033569336,94.81999969482422,95.69000244140625,95.69000244140625,8137
2023-09-25 09:30:00,94.93000030517578,96.01499938964844,94.93000030517578,95.7300033569336,95.7300033569336,1638
2023-09-25 10:00:00,95.65499877929688,96.04000091552734,95.6500015258789,95.74500274658203,95.74500274658203,2887
2023-09-25 10:30:00,96.16999816894531,96.16999816894531,96.16999816894531,96.16999816894531,96.16999816894531,1097
2023-09-25 11:30:00,96.5199966430664,96.80999755859375,96.5199966430664,96.72000122070312,96.72000122070312,1545
2023-09-25 12:00:00,96.9800033569336,97.37000274658203,96.9800033569336,97.26000213623047,97.26000213623047,2416
2023-09-25 12:30:00,97.20999908447266,97.20999908447266,97.20999908447266,97.20999908447266,97.20999908447266,827
2023-09-25 13:00:00,96.72000122070312,97.2699966430664,96.72000122070312,97.08999633789062,97.08999633789062,1979
2023-09-25 13:30:00,97.05000305175781,97.44999694824219,97.05000305175781,97.36000061035156,97.36000061035156,3089
2023-09-25 14:00:00,97.5199966430664,97.5199966430664,97.38999938964844,97.38999938964844,97.38999938964844,1596
2023-09-25 14:30:00,97.02999877929688,97.2300033569336,96.39009857177734,96.7300033569336,96.7300033569336,5232
2023-09-25 15:00:00,96.54000091552734,96.75,96.54000091552734,96.70999908447266,96.70999908447266,2670
2023-09-25 15:30:00,96.4000015258789,96.5999984741211,96.38999938964844,96.56999969482422,96.56999969482422,19629
2023-09-26 09:30:00,95.8499984741211,96.59860229492188,92.91100311279297,95.16999816894531,95.16999816894531,2295
2023-09-26 10:00:00,95.37899780273438,95.7750015258789,95.37899780273438,95.43499755859375,95.43499755859375,1813
2023-09-26 10:30:00,95.93000030517578,96.2300033569336,95.69999694824219,95.87999725341797,95.87999725341797,3521
2023-09-26 11:00:00,95.88999938964844,95.88999938964844,95.44259643554688,95.47000122070312,95.47000122070312,2813
2023-09-26 11:30:00,95.375,95.47000122070312,95.31999969482422,95.45500183105469,95.45500183105469,1839
2023-09-26 12:00:00,95.80000305175781,95.80000305175781,95.33000183105469,95.63999938964844,95.63999938964844,2088
2023-09-26 12:30:00,95.61000061035156,95.61000061035156,95.3550033569336,95.45999908447266,95.45999908447266,1606
2023-09-26 13:00:00,95.43000030517578,95.7300033569336,95.43000030517578,95.69000244140625,95.69000244140625,2629
2023-09-26 13:30:00,95.69999694824219,95.69999694824219,95.23999786376953,95.47000122070312,95.47000122070312,5484
2023-09-26 14:00:00,95.36000061035156,95.5177001953125,95.33999633789062,95.5177001953125,95.5177001953125,1422
2023-09-26 14:30:00,95.2699966430664,95.50499725341797,95.13999938964844,95.50499725341797,95.50499725341797,1540
2023-09-26 15:00:00,95.5199966430664,95.57569885253906,94.91000366210938,95.3499984741211,95.3499984741211,8312
2023-09-26 15:30:00,95.38999938964844,95.56999969482422,94.93000030517578,95.05999755859375,95.05999755859375,27264
2023-09-27 09:30:00,95.37999725341797,95.37999725341797,94.69000244140625,94.69000244140625,94.69000244140625,1126
2023-09-27 10:00:00,94.44499969482422,94.69999694824219,94.13999938964844,94.69000244140625,94.69000244140625,1576
2023-09-27 10:30:00,94.55999755859375,94.55999755859375,94.26000213623047,94.26000213623047,94.26000213623047,1506
2023-09-27 11:00:00,94.03500366210938,94.67769622802734,94.03500366210938,94.67769622802734,94.67769622802734,1265
2023-09-27 11:30:00,94.54000091552734,94.75,93.97000122070312,94.1500015258789,94.1500015258789,3696
2023-09-27 12:00:00,94.23999786376953,94.23999786376953,93.69000244140625,93.97000122070312,93.97000122070312,5642
2023-09-27 12:30:00,94.33000183105469,94.36000061035156,94.08999633789062,94.18499755859375,94.18499755859375,3330
2023-09-27 13:00:00,93.9800033569336,93.9800033569336,93.625,93.625,93.625,2498
2023-09-27 13:30:00,93.5999984741211,93.80999755859375,93.5999984741211,93.80999755859375,93.80999755859375,3320
2023-09-27 14:00:00,93.78500366210938,93.93000030517578,93.70999908447266,93.76499938964844,93.76499938964844,2117
2023-09-27 14:30:00,93.94999694824219,94.41999816894531,93.91999816894531,93.95999908447266,93.95999908447266,3259
2023-09-27 15:00:00,94.27999877929688,94.27999877929688,94.04000091552734,94.05000305175781,94.05000305175781,2938
2023-09-27 15:30:00,94.05999755859375,94.2750015258789,93.92500305175781,94.08000183105469,94.08000183105469,8682
2023-09-28 09:30:00,94.52999877929688,94.52999877929688,93.3646011352539,93.98999786376953,93.98999786376953,4709
2023-09-28 10:00:00,94.33000183105469,94.33000183105469,93.97000122070312,93.97000122070312,93.97000122070312,566
2023-09-28 10:30:00,94.01000213623047,94.66000366210938,93.65499877929688,94.66000366210938,94.66000366210938,9892
2023-09-28 11:00:00,94.80000305175781,94.91000366210938,94.4800033569336,94.68000030517578,94.68000030517578,2429
2023-09-28 11:30:00,94.5199966430664,95.12000274658203,94.4800033569336,95.12000274658203,95.12000274658203,1261
2023-09-28 12:00:00,95.05999755859375,95.05999755859375,95.02999877929688,95.02999877929688,95.02999877929688,730
2023-09-28 12:30:00,94.69999694824219,94.94000244140625,94.54000091552734,94.54000091552734,94.54000091552734,2040
2023-09-28 13:00:00,94.6500015258789,94.6500015258789,94.30000305175781,94.44999694824219,94.44999694824219,1706
2023-09-28 13:30:00,94.58999633789062,94.86000061035156,94.58999633789062,94.86000061035156,94.86000061035156,3124
2023-09-28 14:00:00,94.8499984741211,95.0,94.51000213623047,94.51000213623047,94.51000213623047,4895
2023-09-28 14:30:00,94.4749984741211,94.7699966430664,94.2300033569336,94.26000213623047,94.26000213623047,8015
2023-09-28 15:00:00,94.5,94.62000274658203,94.38999938964844,94.62000274658203,94.62000274658203,4789
2023-09-28 15:30:00,94.68000030517578,94.97000122070312,94.33999633789062,94.97000122070312,94.97000122070312,9331
2023-09-29 09:30:00,95.8499984741211,95.8499984741211,94.33999633789062,95.06999969482422,95.06999969482422,6252
2023-09-29 10:00:00,95.0,95.0,92.91999816894531,93.19000244140625,93.19000244140625,6182
2023-09-29 10:30:00,93.1500015258789,93.30000305175781,91.6500015258789,91.83999633789062,91.83999633789062,6874
2023-09-29 11:00:00,91.79000091552734,91.79000091552734,90.33999633789062,90.33999633789062,90.33999633789062,11774
2023-09-29 11:30:00,90.47000122070312,90.47000122070312,88.5999984741211,88.80000305175781,88.80000305175781,7674
2023-09-29 12:00:00,88.7300033569336,89.55000305175781,88.62999725341797,89.4000015258789,89.4000015258789,12170
2023-09-29 12:30:00,89.51000213623047,89.51000213623047,88.63960266113281,89.08999633789062,89.08999633789062,8181
2023-09-29 13:00:00,89.05999755859375,89.43000030517578,88.76000213623047,88.94999694824219,88.94999694824219,9620
2023-09-29 13:30:00,88.58000183105469,88.86000061035156,86.95999908447266,86.95999908447266,86.95999908447266,8241
2023-09-29 14:00:00,87.13999938964844,87.62000274658203,86.76000213623047,86.95999908447266,86.95999908447266,12471
2023-09-29 14:30:00,86.9000015258789,87.69999694824219,86.75,87.36990356445312,87.36990356445312,19542
2023-09-29 15:00:00,87.1500015258789,87.36000061035156,85.80999755859375,86.04000091552734,86.04000091552734,19149
2023-09-29 15:30:00,86.07499694824219,87.19000244140625,86.07499694824219,87.19000244140625,87.19000244140625,41379
2023-10-02 09:30:00,87.36000061035156,88.48999786376953,85.70999908447266,86.29000091552734,86.29000091552734,8618
2023-10-02 10:00:00,86.44999694824219,86.58000183105469,85.02999877929688,85.5999984741211,85.5999984741211,3556
2023-10-02 10:30:00,85.33999633789062,86.05999755859375,85.16709899902344,85.73999786376953,85.73999786376953,4920
2023-10-02 11:00:00,85.5,85.63999938964844,84.86000061035156,84.87000274658203,84.87000274658203,19466
2023-10-02 11:30:00,85.48999786376953,85.5,84.95999908447266,85.38999938964844,85.38999938964844,7936
2023-10-02 12:00:00,85.20999908447266,85.59500122070312,85.20999908447266,85.58999633789062,85.58999633789062,2801
2023-10-02 12:30:00,85.73999786376953,85.73999786376953,84.6500015258789,84.66000366210938,84.66000366210938,8536
2023-10-02 13:00:00,84.46499633789062,84.66999816894531,83.06999969482422,83.62000274658203,83.62000274658203,13960
2023-10-02 13:30:00,83.66000366210938,83.69999694824219,83.03839874267578,83.2300033569336,83.2300033569336,10841
2023-10-02 14:00:00,83.16000366210938,85.0999984741211,83.16000366210938,84.2300033569336,84.2300033569336,9840
2023-10-02 14:30:00,84.2300033569336,84.37999725341797,83.4800033569336,83.4800033569336,83.4800033569336,18835
2023-10-02 15:00:00,83.53500366210938,84.97000122070312,83.47000122070312,84.93000030517578,84.93000030517578,11033
2023-10-02 15:30:00,84.94999694824219,85.29000091552734,84.7750015258789,84.83999633789062,84.83999633789062,19430
2023-10-03 09:30:00,84.41000366210938,85.9749984741211,84.41000366210938,85.37000274658203,85.37000274658203,9258
2023-10-03 10:00:00,85.38249969482422,85.52999877929688,84.93499755859375,85.33000183105469,85.33000183105469,6716
2023-10-03 10:30:00,85.55500030517578,86.18000030517578,85.55500030517578,85.98999786376953,85.98999786376953,10044
2023-10-03 11:00:00,85.5,85.6500015258789,84.30999755859375,84.37000274658203,84.37000274658203,4229
2023-10-03 11:30:00,84.55000305175781,84.8499984741211,84.12999725341797,84.80000305175781,84.80000305175781,4190
2023-10-03 12:00:00,85.08000183105469,85.58999633789062,85.06999969482422,85.19999694824219,85.19999694824219,3915
2023-10-03 12:30:00,85.33999633789062,85.62999725341797,85.05000305175781,85.62999725341797,85.62999725341797,9087
2023-10-03 13:00:00,85.79000091552734,85.94999694824219,85.44000244140625,85.86000061035156,85.86000061035156,7137
2023-10-03 13:30:00,85.9000015258789,86.55000305175781,85.73999786376953,86.19999694824219,86.19999694824219,6978
2023-10-03 14:00:00,86.61000061035156,86.62000274658203,85.02999877929688,85.24250030517578,85.24250030517578,13007
2023-10-03 14:30:00,85.19499969482422,85.27999877929688,84.86009979248047,85.0999984741211,85.0999984741211,4988
2023-10-03 15:00:00,85.08000183105469,85.31999969482422,84.5999984741211,85.0199966430664,85.0199966430664,6535
2023-10-03 15:30:00,84.75,85.11000061035156,84.41999816894531,84.70999908447266,84.70999908447266,25538
2023-10-04 09:30:00,85.23999786376953,85.44999694824219,84.47000122070312,85.44999694824219,85.44999694824219,948
2023-10-04 10:00:00,84.94999694824219,85.0,84.73500061035156,85.0,85.0,1844
2023-10-04 10:30:00,85.12999725341797,85.47000122070312,84.93000030517578,85.01000213623047,85.01000213623047,3452
2023-10-04 11:00:00,85.08499908447266,86.2249984741211,85.08499908447266,86.05999755859375,86.05999755859375,2632
2023-10-04 11:30:00,86.33999633789062,87.6050033569336,86.33999633789062,87.22000122070312,87.22000122070312,5281
2023-10-04 12:00:00,87.07499694824219,87.4000015258789,86.95999908447266,87.34500122070312,87.34500122070312,8496
2023-10-04 12:30:00,87.80999755859375,87.81999969482422,86.9749984741211,87.26000213623047,87.26000213623047,7721
2023-10-04 13:00:00,87.13999938964844,87.54499816894531,87.08000183105469,87.41000366210938,87.41000366210938,4377
2023-10-04 13:30:00,87.63999938964844,87.95999908447266,87.36000061035156,87.91000366210938,87.91000366210938,8943
2023-10-04 14:00:00,88.11000061035156,88.5,87.94000244140625,88.06500244140625,88.06500244140625,9432
2023-10-04 14:30:00,88.06999969482422,89.1500015258789,88.06999969482422,89.0,89.0,8814
2023-10-04 15:00:00,89.0199966430664,89.11000061035156,88.30999755859375,88.30999755859375,88.30999755859375,20944
2023-10-04 15:30:00,88.48500061035156,89.0999984741211,88.48500061035156,89.06999969482422,89.06999969482422,20083
2023-10-05 09:30:00,78.75,78.75,59.16999816894531,60.02000045776367,60.02000045776367,98225
2023-10-05 10:00:00,60.029998779296875,60.154998779296875,50.22999954223633,59.84400177001953,59.84400177001953,260585
2023-10-05 10:30:00,59.880001068115234,65.36000061035156,59.03010177612305,65.16000366210938,65.16000366210938,161572
2023-10-05 11:00:00,65.2300033569336,66.5999984741211,64.16000366210938,65.51000213623047,65.51000213623047,87887
2023-10-05 11:30:00,65.5,65.5,63.73149871826172,64.2759017944336,64.2759017944336,70004
2023-10-05 12:00:00,63.970001220703125,64.42420196533203,63.66999816894531,64.33999633789062,64.33999633789062,35976
2023-10-05 12:30:00,64.1500015258789,64.6604995727539,64.11009979248047,64.49500274658203,64.49500274658203,29854
2023-10-05 13:00:00,64.4800033569336,65.01940155029297,64.30999755859375,64.6449966430664,64.6449966430664,23249
2023-10-05 13:30:00,64.36499786376953,64.62419891357422,62.070098876953125,62.56999969482422,62.56999969482422,53188
2023-10-05 14:00:00,62.5099983215332,62.63949966430664,60.240501403808594,60.95840072631836,60.95840072631836,51573
2023-10-05 14:30:00,61.38999938964844,63.619998931884766,61.310001373291016,63.400001525878906,63.400001525878906,64801
2023-10-05 15:00:00,63.724998474121094,64.27999877929688,63.310001373291016,64.27999877929688,64.27999877929688,62808
2023-10-05 15:30:00,64.18000030517578,65.20999908447266,64.1520004272461,65.0,65.0,81717
2023-10-06 09:30:00,66.0,66.30999755859375,58.470001220703125,59.15999984741211,59.15999984741211,130923
2023-10-06 10:00:00,59.22999954223633,59.61989974975586,57.72100067138672,58.49549865722656,58.49549865722656,57620
2023-10-06 10:30:00,58.3650016784668,63.45000076293945,57.58000183105469,62.7593994140625,62.7593994140625,302154
2023-10-06 11:00:00,62.380001068115234,63.630001068115234,61.59000015258789,63.474998474121094,63.474998474121094,145871
2023-10-06 11:30:00,63.474998474121094,63.990299224853516,62.33000183105469,63.099998474121094,63.099998474121094,109544
2023-10-06 12:00:00,63.189998626708984,64.9854965209961,63.099998474121094,64.31839752197266,64.31839752197266,72500
2023-10-06 12:30:00,64.27999877929688,64.37999725341797,63.459999084472656,64.24469757080078,64.24469757080078,61847
2023-10-06 13:00:00,64.37999725341797,65.1500015258789,64.36009979248047,64.97380065917969,64.97380065917969,37571
2023-10-06 13:30:00,65.12999725341797,65.55000305175781,64.97250366210938,65.19999694824219,65.19999694824219,20312
2023-10-06 14:00:00,65.16500091552734,65.48999786376953,64.56999969482422,64.86000061035156,64.86000061035156,33749
2023-10-06 14:30:00,65.01000213623047,65.8499984741211,65.01000213623047,65.59500122070312,65.59500122070312,34305
2023-10-06 15:00:00,65.59500122070312,65.66999816894531,64.91000366210938,64.97000122070312,64.97000122070312,35446
2023-10-06 15:30:00,64.87010192871094,65.25,64.71499633789062,65.16999816894531,65.16999816894531,78864
2023-10-09 09:30:00,64.95999908447266,64.95999908447266,63.060001373291016,63.72999954223633,63.72999954223633,29188
2023-10-09 10:00:00,63.73720169067383,64.80000305175781,63.53010177612305,64.31999969482422,64.31999969482422,8951
2023-10-09 10:30:00,64.41000366210938,64.80000305175781,64.01000213623047,64.20999908447266,64.20999908447266,11763
2023-10-09 11:00:00,64.30000305175781,64.5250015258789,64.2300033569336,64.30110168457031,64.30110168457031,5236
2023-10-09 11:30:00,64.5199966430664,64.6500015258789,64.1615982055664,64.18000030517578,64.18000030517578,4233
2023-10-09 12:00:00,64.16000366210938,64.24500274658203,63.47010040283203,63.630001068115234,63.630001068115234,4905
2023-10-09 12:30:00,63.595001220703125,64.62999725341797,63.459999084472656,64.30999755859375,64.30999755859375,12989
2023-10-09 13:00:00,64.11000061035156,64.56999969482422,64.0199966430664,64.1500015258789,64.1500015258789,13236
2023-10-09 13:30:00,64.18000030517578,64.82499694824219,64.08999633789062,64.7300033569336,64.7300033569336,6704
2023-10-09 14:00:00,64.83000183105469,65.01000213623047,64.58499908447266,64.76000213623047,64.76000213623047,16279
2023-10-09 14:30:00,64.7699966430664,65.69000244140625,64.7699966430664,65.08000183105469,65.08000183105469,15736
2023-10-09 15:00:00,65.25499725341797,65.25499725341797,64.77999877929688,65.20999908447266,65.20999908447266,12737
2023-10-09 15:30:00,65.22000122070312,65.5999984741211,65.0199966430664,65.55999755859375,65.55999755859375,20349
2023-10-10 09:30:00,65.69000244140625,67.92430114746094,65.69000244140625,67.38999938964844,67.38999938964844,59784
2023-10-10 10:00:00,67.43000030517578,68.0,67.19000244140625,67.8550033569336,67.8550033569336,26103
2023-10-10 10:30:00,67.59500122070312,67.91500091552734,67.58999633789062,67.86499786376953,67.86499786376953,10238
2023-10-10 11:00:00,67.87000274658203,68.36000061035156,67.77999877929688,68.04000091552734,68.04000091552734,21959
2023-10-10 11:30:00,68.02999877929688,68.72000122070312,68.02999877929688,68.12999725341797,68.12999725341797,33052
2023-10-10 12:00:00,68.0999984741211,68.73999786376953,68.06500244140625,68.73999786376953,68.73999786376953,11979
2023-10-10 12:30:00,68.69000244140625,69.42500305175781,68.69000244140625,68.96499633789062,68.96499633789062,14109
2023-10-10 13:00:00,68.8499984741211,69.16000366210938,68.54000091552734,68.7300033569336,68.7300033569336,15816
2023-10-10 13:30:00,68.69999694824219,69.66000366210938,68.69999694824219,69.29000091552734,69.29000091552734,19358
2023-10-10 14:00:00,69.56999969482422,70.94999694824219,69.55000305175781,70.94999694824219,70.94999694824219,28748
2023-10-10 14:30:00,71.01000213623047,71.83000183105469,70.66999816894531,71.43499755859375,71.43499755859375,26051
2023-10-10 15:00:00,71.2300033569336,71.37999725341797,70.41500091552734,70.83000183105469,70.83000183105469,26326
2023-10-10 15:30:00,70.7699966430664,71.2300033569336,70.22000122070312,70.83000183105469,70.83000183105469,52296
2023-10-11 09:30:00,71.29000091552734,72.62999725341797,71.01000213623047,71.55999755859375,71.55999755859375,12998
2023-10-11 10:00:00,71.63999938964844,71.6500015258789,70.4000015258789,70.83000183105469,70.83000183105469,8358
2023-10-11 10:30:00,71.31999969482422,71.55999755859375,70.69999694824219,70.69999694824219,70.69999694824219,9547
2023-10-11 11:00:00,70.69499969482422,71.29000091552734,70.33000183105469,70.82499694824219,70.82499694824219,10983
2023-10-11 11:30:00,71.06999969482422,71.06999969482422,69.83999633789062,70.45500183105469,70.45500183105469,15228
2023-10-11 12:00:00,70.36499786376953,70.36499786376953,68.30000305175781,68.66999816894531,68.66999816894531,19939
2023-10-11 12:30:00,69.11000061035156,69.11000061035156,68.22000122070312,68.8499984741211,68.8499984741211,38116
2023-10-11 13:00:00,68.88999938964844,68.95500183105469,68.0,68.43000030517578,68.43000030517578,12973
2023-10-11 13:30:00,68.32499694824219,68.9000015258789,68.10299682617188,68.82499694824219,68.82499694824219,10684
2023-10-11 14:00:00,68.9800033569336,69.0199966430664,68.72000122070312,68.8499984741211,68.8499984741211,15479
2023-10-11 14:30:00,68.94999694824219,68.97000122070312,68.65499877929688,68.87999725341797,68.87999725341797,8408
2023-10-11 15:00:00,68.76000213623047,69.08000183105469,68.76000213623047,69.05000305175781,69.05000305175781,12471
2023-10-11 15:30:00,69.05999755859375,69.19000244140625,68.94000244140625,68.95999908447266,68.95999908447266,49341
2023-10-12 09:30:00,69.0,69.2300033569336,66.33000183105469,67.0199966430664,67.0199966430664,17994
2023-10-12 10:00:00,67.0,67.83999633789062,66.97000122070312,67.58999633789062,67.58999633789062,22025
2023-10-12 10:30:00,67.31999969482422,67.66500091552734,66.80999755859375,67.16999816894531,67.16999816894531,14610
2023-10-12 11:00:00,67.27999877929688,67.41500091552734,66.48999786376953,66.5259017944336,66.5259017944336,15339
2023-10-12 11:30:00,66.55000305175781,66.93000030517578,66.22000122070312,66.75,66.75,11180
2023-10-12 12:00:00,66.95999908447266,67.5999984741211,66.87000274658203,67.3499984741211,67.3499984741211,6534
2023-10-12 12:30:00,67.58000183105469,67.58000183105469,67.0199966430664,67.0199966430664,67.0199966430664,3244
2023-10-12 13:00:00,66.58499908447266,66.83999633789062,66.3499984741211,66.51000213623047,66.51000213623047,13097
2023-10-12 13:30:00,66.33999633789062,66.33999633789062,65.62999725341797,66.0999984741211,66.0999984741211,14357
2023-10-12 14:00:00,65.91999816894531,66.2699966430664,65.69000244140625,66.22000122070312,66.22000122070312,6832
2023-10-12 14:30:00,66.18000030517578,66.23999786376953,65.82499694824219,65.82499694824219,65.82499694824219,7202
2023-10-12 15:00:00,65.80999755859375,65.95999908447266,65.66999816894531,65.81999969482422,65.81999969482422,13697
2023-10-12 15:30:00,65.9800033569336,66.37999725341797,65.93000030517578,65.93000030517578,65.93000030517578,30372
2023-10-13 09:30:00,65.63999938964844,67.4800033569336,65.63999938964844,66.5000991821289,66.5000991821289,6956
2023-10-13 10:00:00,66.75,67.0,66.17500305175781,66.17500305175781,66.17500305175781,3792
2023-10-13 10:30:00,66.30999755859375,66.59500122070312,66.20999908447266,66.59500122070312,66.59500122070312,2621
2023-10-13 11:00:00,66.38999938964844,66.54000091552734,66.3499984741211,66.41500091552734,66.41500091552734,1352
2023-10-13 11:30:00,66.36000061035156,66.80999755859375,66.36000061035156,66.5999984741211,66.5999984741211,2246
2023-10-13 12:00:00,66.8499984741211,66.8499984741211,66.05000305175781,66.44000244140625,66.44000244140625,3972
2023-10-13 12:30:00,66.50499725341797,66.7699966430664,66.38500213623047,66.47000122070312,66.47000122070312,8958
2023-10-13 13:00:00,66.47000122070312,66.51000213623047,66.29000091552734,66.31500244140625,66.31500244140625,3434
2023-10-13 13:30:00,66.12999725341797,66.375,65.7750015258789,66.30999755859375,66.30999755859375,5180
2023-10-13 14:00:00,66.3499984741211,66.52999877929688,66.33000183105469,66.41000366210938,66.41000366210938,4602
2023-10-13 14:30:00,66.4800033569336,66.51000213623047,66.19000244140625,66.27999877929688,66.27999877929688,5288
2023-10-13 15:00:00,66.46499633789062,66.55500030517578,66.2699966430664,66.38999938964844,66.38999938964844,9010
2023-10-13 15:30:00,66.48999786376953,66.54000091552734,66.33000183105469,66.38999938964844,66.38999938964844,23802
